BeamSystem,SystemKValue,Length(mm),Breadth(mm),fck(MPa),EmodBasic(MPa),SDL(N/mm),LL(N/mm),fctm(MPa),AnalyticalSolUNCR,AnalyticalSolCR,EC2Sol,EC2LOverD,,AsAnSolCR,AsPAnSolCR,AsEC2Sol,AsPEC2Sol,AsEC2LOverD,AsPEC2LOverD
SS,1,6000,260,26,31800,39.3,24,2.63,367,445,447,442,,2747,1464,2734,1444,2718,1421
SS,1,6000,280,43,35900,42.45,12,3.68,343,462,497,443,,2373,0,2123,0,2856,939
SS,1,6000,260,40,35200,50.85,24,3.51,382,457,457,443,,3164,1129,3167,1134,3150,1105
SS,1,6000,250,36,34300,33.3,12,3.27,337,425,490,443,,2130,506,1875,0,2382,950
SS,1,6000,300,38,34800,45,30,3.39,357,435,435,443,,3391,1280,3394,1286,3394,1286
SS,1,6000,280,40,35200,38.85,24,3.51,346,412,422,443,,3028,1073,2960,955,3013,1047
SS,1,6000,270,34,33800,34.2,24,3.15,342,412,412,442,,2800,1197,2803,1202,2786,1174
SS,1,6000,280,31,33100,56.25,12,2.96,384,435,477,442,,2994,1387,2735,957,2997,1392
SS,1,6000,300,33,33600,50.25,24,3.09,369,437,437,442,,3292,1447,3295,1453,3276,1422
SS,1,6000,280,42,35700,57.9,24,3.62,385,457,457,443,,3457,1156,3461,1162,3442,1130
SS,1,6000,300,35,34100,47.25,30,3.21,364,442,445,442,,3406,1425,3390,1399,3390,1399
SS,1,6000,260,40,35200,50.4,12,3.51,373,455,520,443,,2668,645,2376,39,2884,1034
SS,1,6000,260,35,34100,38.1,24,3.21,356,430,430,442,,2836,1172,2839,1177,2839,1177
SS,1,6000,250,34,33800,40.05,18,3.15,362,425,430,442,,2665,1131,2637,1085,2668,1136
SS,1,6000,290,26,31800,40.95,18,2.63,354,412,412,442,,2789,1472,2792,1477,2774,1451
SS,1,6000,290,37,34500,31.65,12,3.33,316,432,475,443,,2076,102,1829,0,2549,991
SS,1,6000,280,25,31500,56.1,30,2.56,402,495,495,442,,3273,1781,3276,1785,3276,1785
SS,1,6000,300,38,34800,47.1,12,3.39,350,452,507,443,,2593,389,2299,0,2992,1124
SS,1,6000,260,41,35400,58.95,18,3.57,394,460,480,443,,3204,1106,3080,884,3207,1111
SS,1,6000,280,45,36300,47.4,12,3.8,354,470,507,444,,2530,0,2250,0,2974,879
SS,1,6000,300,29,32600,48.15,18,2.83,364,420,427,442,,3054,1505,3002,1424,3020,1452
SS,1,6000,260,42,35700,58.35,30,3.62,399,490,490,443,,3458,1155,3461,1160,3461,1160
SS,1,6000,270,26,31800,53.1,12,2.63,387,440,447,442,,2806,1490,2760,1421,2809,1494
SS,1,6000,290,29,32600,58.5,24,2.83,394,470,470,442,,3330,1636,3334,1641,3334,1641
SS,1,6000,280,43,35900,46.95,12,3.68,354,465,507,443,,2529,131,2252,0,2947,945
SS,1,6000,260,38,34800,53.55,30,3.39,392,482,485,443,,3322,1273,3308,1250,3308,1250
SS,1,6000,280,25,31500,35.7,18,2.56,346,402,405,442,,2624,1434,2609,1413,2609,1413
SS,1,6000,260,30,32800,56.7,24,2.9,403,487,487,442,,3125,1489,3128,1494,3112,1469
SS,1,6000,300,35,34100,54.45,30,3.21,379,460,460,442,,3543,1476,3546,1481,3546,1481
SS,1,6000,300,33,33600,46.5,18,3.09,357,410,445,443,,3079,1362,2841,964,3044,1306
SS,1,6000,260,42,35700,41.7,18,3.62,355,412,475,443,,2856,949,2506,282,2841,924
SS,1,6000,250,27,32000,48,24,2.7,393,477,477,442,,2860,1476,2862,1480,2847,1457
SS,1,6000,260,39,35000,35.7,12,3.45,337,440,492,443,,2179,278,1920,0,2511,897
SS,1,6000,300,33,33600,50.55,30,3.09,373,455,455,442,,3425,1500,3429,1505,3429,1505
SS,1,6000,270,37,34500,54.15,12,3.33,379,447,510,443,,2849,941,2531,333,2965,1141
SS,1,6000,260,42,35700,41.25,12,3.62,349,455,502,443,,2337,213,2073,0,2705,916
SS,1,6000,280,30,32800,57.75,30,2.9,399,490,490,442,,3393,1621,3396,1626,3396,1626
SS,1,6000,270,45,36300,52.5,18,3.8,373,435,500,443,,3161,911,2789,172,3200,981
SS,1,6000,280,45,36300,33.3,12,3.8,319,440,475,443,,2054,0,1841,0,2645,817
SS,1,6000,280,35,34100,46.95,24,3.21,368,440,440,442,,3135,1298,3138,1303,3138,1303
SS,1,6000,270,35,34100,42.15,30,3.21,366,452,452,443,,3109,1282,3112,1287,3095,1259
SS,1,6000,260,25,31500,48.75,12,2.56,383,435,437,442,,2656,1452,2643,1433,2627,1410
SS,1,6000,250,44,36100,37.5,18,3.74,347,410,475,443,,2692,784,2355,114,2728,848
SS,1,6000,280,27,32000,39.6,30,2.7,363,450,450,442,,3001,1548,3004,1553,3004,1553
SS,1,6000,280,43,35900,42.75,24,3.68,352,417,440,443,,3166,1035,3012,758,3150,1008
SS,1,6000,280,29,32600,51.75,30,2.83,388,477,477,442,,3265,1600,3268,1605,3251,1579
SS,1,6000,270,43,35900,42.45,18,3.68,352,417,482,443,,2867,813,2516,111,2957,973
SS,1,6000,280,27,32000,48.45,12,2.7,372,417,455,442,,2785,1447,2555,1086,2770,1425
SS,1,6000,260,41,35400,46.05,12,3.57,362,455,515,443,,2511,437,2216,0,2808,987
SS,1,6000,270,30,32800,32.7,18,2.9,337,392,407,442,,2570,1232,2475,1082,2556,1210
SS,1,6000,270,36,34300,34.8,24,3.27,342,412,412,443,,2833,1136,2836,1141,2819,1112
SS,1,6000,280,31,33100,59.1,18,2.96,394,460,460,442,,3182,1473,3185,1478,3185,1478
SS,1,6000,260,29,32600,52.65,18,2.83,392,460,460,442,,2915,1431,2918,1436,2918,1436
SS,1,6000,280,28,32300,33.75,12,2.77,333,400,455,442,,2276,953,2013,489,2437,1208
SS,1,6000,260,44,36100,45.15,12,3.74,357,462,510,443,,2456,191,2173,0,2815,887
SS,1,6000,270,44,36100,40.5,12,3.74,342,460,495,443,,2296,0,2054,0,2759,868
SS,1,6000,260,38,34800,37.2,18,3.39,347,402,450,443,,2718,1039,2442,546,2704,1016
SS,1,6000,260,36,34300,44.4,12,3.27,362,437,500,443,,2517,773,2233,217,2686,1065
SS,1,6000,270,25,31500,44.1,24,2.56,376,455,455,442,,2868,1555,2871,1559,2871,1559
SS,1,6000,260,36,34300,36.45,24,3.27,351,422,422,443,,2823,1145,2826,1150,2810,1122
SS,1,6000,260,36,34300,49.95,18,3.27,379,442,452,443,,2960,1194,2898,1091,2947,1172
SS,1,6000,270,29,32600,50.85,12,2.83,379,430,462,442,,2797,1365,2603,1054,2800,1370
SS,1,6000,260,38,34800,47.55,18,3.39,372,432,460,443,,2942,1124,2774,831,2928,1101
SS,1,6000,260,40,35200,57.45,30,3.51,399,490,490,443,,3416,1223,3419,1228,3419,1228
SS,1,6000,290,40,35200,58.5,12,3.51,377,465,530,443,,2944,633,2620,0,3210,1119
SS,1,6000,260,30,32800,39.6,12,2.9,355,412,465,442,,2443,1081,2176,624,2525,1210
SS,1,6000,260,37,34500,40.05,12,3.33,351,437,505,443,,2352,559,2068,0,2601,1003
SS,1,6000,280,31,33100,37.35,18,2.96,345,400,422,442,,2735,1270,2589,1035,2738,1275
SS,1,6000,280,31,33100,40.8,24,2.96,358,430,430,442,,2945,1359,2948,1363,2948,1363
SS,1,6000,270,33,33600,32.85,18,3.09,335,392,422,442,,2587,1115,2405,810,2607,1147
SS,1,6000,280,32,33300,41.55,12,3.02,350,425,482,443,,2476,859,2204,348,2668,1179
SS,1,6000,270,44,36100,57.45,12,3.74,380,472,530,443,,2861,453,2546,0,3127,958
SS,1,6000,290,44,36100,55.35,24,3.74,374,440,462,444,,3514,1122,3354,830,3479,1060
SS,1,6000,250,40,35200,51.15,18,3.51,383,447,467,443,,2980,1070,2860,858,2967,1047
SS,1,6000,250,26,31800,39.45,30,2.63,377,472,475,442,,2819,1501,2806,1482,2806,1482
SS,1,6000,260,39,35000,33,30,3.45,344,427,430,443,,2931,1090,2918,1066,2918,1066
SS,1,6000,270,34,33800,43.05,24,3.15,365,437,437,442,,2986,1276,2989,1281,2972,1253
SS,1,6000,270,44,36100,48,12,3.74,360,467,512,444,,2548,168,2265,0,2913,883
SS,1,6000,300,25,31500,50.7,12,2.56,370,415,445,442,,2904,1585,2705,1283,2907,1590
SS,1,6000,290,40,35200,56.55,30,3.51,383,465,465,443,,3598,1287,3601,1293,3601,1293
SS,1,6000,280,28,32300,32.85,30,2.77,345,430,430,442,,2881,1448,2884,1452,2884,1452
SS,1,6000,290,45,36300,33.75,24,3.8,326,392,437,443,,2985,829,2698,269,3046,939
SS,1,6000,260,31,33100,36.75,12,2.96,347,412,467,442,,2328,920,2068,455,2468,1147
SS,1,6000,260,42,35700,48.9,18,3.62,372,432,480,443,,3012,1003,2734,485,2998,979
SS,1,6000,270,30,32800,37.5,12,2.9,346,412,467,442,,2364,950,2100,479,2507,1179
SS,1,6000,260,37,34500,55.65,12,3.33,387,447,505,443,,2895,1058,2590,495,2947,1145
SS,1,6000,250,44,36100,47.25,24,3.74,376,450,450,443,,3086,972,3089,977,3089,977
SS,1,6000,270,30,32800,54.45,30,2.9,397,490,490,442,,3270,1562,3273,1566,3273,1566
SS,1,6000,290,25,31500,50.4,30,2.56,386,472,472,442,,3239,1770,3242,1774,3225,1748
SS,1,6000,270,28,32300,54.75,18,2.77,392,460,460,442,,2997,1509,3000,1513,3000,1513
SS,1,6000,260,25,31500,33.6,24,2.56,354,430,430,442,,2615,1427,2618,1431,2618,1431
SS,1,6000,300,44,36100,41.1,18,3.74,336,425,477,443,,2801,419,2469,0,3084,952
SS,1,6000,260,33,33600,44.25,30,3.09,377,467,467,442,,3066,1347,3069,1352,3053,1325
SS,1,6000,280,32,33300,38.85,18,3.02,348,402,427,442,,2786,1263,2624,999,2771,1240
SS,1,6000,280,44,36100,34.65,18,3.74,328,410,467,444,,2603,466,2266,0,2806,845
SS,1,6000,300,43,35900,38.55,12,3.68,327,450,485,443,,2245,0,2013,0,2843,911
SS,1,6000,260,32,33300,40.65,30,3.02,370,460,460,442,,2979,1341,2982,1346,2982,1346
SS,1,6000,290,27,32000,44.7,12,2.7,359,410,455,442,,2688,1330,2424,903,2725,1387
SS,1,6000,290,38,34800,39.75,30,3.39,349,427,427,443,,3229,1227,3232,1233,3214,1201
SS,1,6000,290,37,34500,57.6,18,3.33,381,440,470,442,,3309,1297,3107,947,3312,1303
SS,1,6000,290,45,36300,53.4,18,3.8,366,440,505,443,,3185,738,2815,0,3333,1012
SS,1,6000,290,36,34300,36.9,12,3.27,331,435,490,443,,2267,334,1993,0,2656,1043
SS,1,6000,280,30,32800,58.2,24,2.9,397,475,475,442,,3280,1568,3283,1573,3283,1573
SS,1,6000,300,32,33300,32.25,18,3.02,323,392,425,442,,2582,996,2391,660,2710,1204
SS,1,6000,290,30,32800,39.75,18,2.9,348,402,422,442,,2826,1347,2692,1134,2811,1324
SS,1,6000,290,43,35900,43.95,12,3.68,343,462,500,443,,2432,0,2161,0,2935,950
SS,1,6000,270,30,32800,40.2,12,2.9,352,415,467,443,,2462,1038,2197,576,2559,1194
SS,1,6000,260,36,34300,41.55,30,3.27,368,455,455,442,,3064,1243,3067,1248,3067,1248
SS,1,6000,280,45,36300,36.45,12,3.8,327,447,482,443,,2159,0,1935,0,2727,839
SS,1,6000,250,38,34800,51.75,24,3.39,390,470,470,442,,3093,1179,3096,1184,3096,1184
SS,1,6000,270,30,32800,39.45,12,2.9,351,412,467,442,,2446,1031,2170,549,2560,1214
SS,1,6500,270,40,35200,38.4,12,3.51,368,482,532,476,,2460,223,2185,0,2892,1047
SS,1,6500,250,41,35400,50.85,24,3.57,419,499,500,476,,3372,1166,3371,1164,3371,1164
SS,1,6500,280,37,34500,38.55,18,3.33,372,427,490,476,,3064,1185,2695,513,3081,1214
SS,1,6500,260,35,34100,46.5,18,3.21,404,467,477,476,,3115,1295,3051,1187,3098,1266
SS,1,6500,270,26,31800,49.5,12,2.63,411,462,480,476,,2958,1569,2849,1402,2940,1544
SS,1,6500,270,43,35900,52.05,12,3.68,401,504,560,477,,2913,386,2614,0,3269,1067
SS,1,6500,300,40,35200,36.3,30,3.51,365,439,440,476,,3521,1274,3520,1273,3520,1273
SS,1,6500,260,27,32000,57.15,12,2.7,434,492,492,476,,3078,1591,3077,1589,3061,1566
SS,1,6500,300,36,34300,51.3,12,3.27,392,482,552,476,,3000,763,2672,80,3309,1312
SS,1,6500,260,45,36300,45.75,12,3.8,389,502,550,477,,2678,146,2376,0,3082,945
SS,1,6500,300,27,32000,48.75,30,2.7,407,494,495,476,,3563,1838,3562,1837,3562,1837
SS,1,6500,260,31,33100,44.25,18,2.96,402,467,467,476,,3000,1388,2999,1386,2984,1361
SS,1,6500,300,41,35400,49.95,18,3.57,389,459,527,476,,3393,975,3006,199,3539,1236
SS,1,6500,270,30,32800,46.8,24,2.9,409,487,487,476,,3257,1560,3256,1559,3239,1533
SS,1,6500,290,30,32800,46.2,24,2.9,398,472,472,476,,3356,1595,3355,1594,3338,1566
SS,1,6500,300,45,36300,48,24,3.8,385,447,497,477,,3714,1139,3371,479,3693,1102
SS,1,6500,290,35,34100,49.65,24,3.21,401,472,472,476,,3529,1474,3528,1472,3510,1442
SS,1,6500,260,33,33600,56.85,24,3.09,434,519,520,476,,3441,1513,3440,1512,3440,1512
SS,1,6500,280,34,33800,39.3,24,3.15,382,452,452,476,,3211,1374,3210,1372,3193,1343
SS,1,6500,260,37,34500,51.75,24,3.33,419,499,500,476,,3399,1327,3398,1326,3398,1326
SS,1,6500,290,27,32000,33.45,24,2.7,368,437,437,476,,3031,1574,3030,1572,3012,1546
SS,1,6500,260,26,31800,49.95,18,2.63,422,492,492,476,,3051,1619,3050,1618,3035,1595
SS,1,6500,290,27,32000,43.8,18,2.7,391,449,450,476,,3109,1606,3108,1605,3108,1605
SS,1,6500,270,27,32000,31.5,24,2.7,371,444,445,476,,2872,1490,2871,1489,2871,1489
SS,1,6500,260,41,35400,54.75,30,3.57,426,519,520,476,,3660,1265,3659,1264,3659,1264
SS,1,6500,300,38,34800,55.35,18,3.39,402,459,512,476,,3609,1369,3263,741,3608,1367
SS,1,6500,280,38,34800,56.25,24,3.39,417,492,492,476,,3659,1405,3658,1403,3640,1373
SS,1,6500,260,27,32000,48.15,30,2.7,426,524,525,476,,3297,1703,3296,1702,3296,1702
SS,1,6500,260,44,36100,34.65,18,3.74,364,437,507,477,,2824,696,2468,0,2936,900
SS,1,6500,260,36,34300,43.65,30,3.27,405,497,497,476,,3353,1349,3352,1347,3336,1320
SS,1,6500,250,31,33100,57.3,30,2.96,447,552,552,476,,3470,1611,3469,1609,3454,1585
SS,1,6500,280,42,35700,44.1,18,3.62,382,452,520,476,,3169,899,2802,159,3290,1115
SS,1,6500,280,31,33100,46.5,24,2.96,402,477,477,476,,3329,1551,3328,1550,3310,1522
SS,1,6500,260,43,35900,37.5,24,3.68,378,449,457,477,,3169,1023,3118,933,3168,1021
SS,1,6500,250,40,35200,32.85,30,3.51,377,467,467,477,,3114,1113,3113,1112,3097,1084
SS,1,6500,300,40,35200,58.95,18,3.51,409,464,525,476,,3737,1350,3342,617,3735,1348
SS,1,6500,290,34,33800,45.9,24,3.15,394,464,465,476,,3419,1458,3418,1456,3418,1456
SS,1,6500,270,28,32300,49.8,18,2.77,414,479,480,476,,3146,1589,3145,1588,3145,1588
SS,1,6500,280,32,33300,54.15,18,3.02,415,479,480,476,,3357,1512,3356,1511,3356,1511
SS,1,6500,250,30,32800,46.5,30,2.9,423,522,522,476,,3258,1564,3257,1563,3242,1539
SS,1,6500,250,40,35200,49.5,24,3.51,416,497,497,477,,3330,1189,3329,1187,3313,1160
SS,1,6500,280,41,35400,43.2,30,3.57,390,472,472,477,,3559,1235,3558,1233,3540,1202
SS,1,6500,280,42,35700,40.05,30,3.62,381,462,462,477,,3503,1178,3502,1176,3484,1144
SS,1,6500,280,43,35900,34.65,24,3.68,361,424,460,476,,3239,1070,3005,637,3238,1068
SS,1,6500,270,39,35000,36.6,18,3.45,369,427,492,476,,2970,1060,2605,374,2986,1088
SS,1,6500,260,37,34500,44.4,30,3.33,406,497,497,476,,3388,1328,3387,1327,3371,1299
SS,1,6500,290,44,36100,38.1,12,3.74,356,484,522,477,,2420,0,2168,0,3023,933
SS,1,6500,300,35,34100,42.45,12,3.21,371,472,540,476,,2683,557,2372,0,3069,1251
SS,1,6500,280,27,32000,47.55,30,2.7,414,504,505,476,,3425,1780,3424,1778,3424,1778
SS,1,6500,290,40,35200,55.35,12,3.51,402,499,565,476,,3077,579,2747,0,3427,1227
SS,1,6500,260,43,35900,42.45,24,3.68,391,462,467,477,,3299,1089,3265,1027,3281,1057
SS,1,6500,300,44,36100,56.7,12,3.74,397,514,560,477,,3092,157,2767,0,3558,1086
SS,1,6500,300,28,32300,39.3,30,2.77,384,467,467,476,,3381,1701,3380,1699,3362,1671
SS,1,6500,270,38,34800,39.15,18,3.39,377,432,490,476,,3050,1166,2712,551,3032,1135
SS,1,6500,280,30,32800,37.2,30,2.9,385,472,472,476,,3248,1548,3247,1546,3230,1519
SS,1,6500,260,27,32000,52.05,18,2.7,426,497,497,476,,3108,1605,3107,1604,3092,1580
SS,1,6500,270,38,34800,58.5,12,3.39,419,487,552,476,,3236,1087,2893,431,3350,1284
SS,1,6500,280,35,34100,55.65,18,3.21,415,479,490,476,,3436,1418,3367,1303,3435,1416
SS,1,6500,280,40,35200,58.05,12,3.51,412,497,567,476,,3183,785,2845,79,3424,1221
SS,1,6500,290,39,35000,51.15,12,3.45,393,492,557,476,,2945,550,2620,0,3305,1214
SS,1,6500,270,31,33100,42.3,12,2.96,387,452,510,476,,2731,1115,2442,601,2839,1291
SS,1,6500,280,28,32300,58.8,30,2.77,437,534,535,476,,3650,1834,3649,1832,3649,1832
SS,1,6500,280,35,34100,48,24,3.21,402,474,475,476,,3430,1435,3429,1433,3429,1433
SS,1,6500,260,38,34800,39.45,12,3.39,377,474,540,476,,2514,502,2232,0,2822,1065
SS,1,6500,290,40,35200,42.45,12,3.51,371,489,537,477,,2617,173,2325,0,3080,1070
SS,1,6500,280,39,35000,42,12,3.45,375,484,540,476,,2602,328,2313,0,3006,1089
SS,1,6500,290,44,36100,38.25,18,3.74,361,452,510,477,,2934,471,2589,0,3218,1008
SS,1,6500,290,43,35900,36.75,30,3.68,367,444,445,477,,3506,1142,3505,1140,3505,1140
SS,1,6500,270,45,36300,50.7,12,3.8,396,509,557,477,,2849,177,2541,0,3252,977
SS,1,6500,260,33,33600,44.1,18,3.09,399,462,465,476,,3036,1339,3019,1312,3019,1312
SS,1,6500,260,41,35400,41.4,30,3.57,395,482,482,477,,3389,1181,3388,1180,3371,1150
SS,1,6500,270,35,34100,35.7,30,3.21,380,467,467,476,,3234,1343,3233,1342,3216,1314
SS,1,6500,260,29,32600,52.05,30,2.83,432,532,532,476,,3405,1667,3404,1666,3389,1642
SS,1,6500,280,25,31500,38.25,12,2.56,378,424,470,476,,2700,1438,2441,1032,2732,1487
SS,1,6500,290,39,35000,33.3,24,3.45,357,422,442,476,,3187,1163,3047,915,3205,1193
SS,1,6500,280,37,34500,39,18,3.33,373,427,490,476,,3085,1207,2713,531,3067,1175
SS,1,6500,270,43,35900,43.5,12,3.68,380,497,542,477,,2615,129,2330,0,3048,983
SS,1,6500,270,37,34500,31.65,18,3.33,356,422,475,476,,2759,971,2473,438,2842,1111
SS,1,6500,260,40,35200,44.25,24,3.51,398,472,472,476,,3293,1188,3292,1186,3276,1158
SS,1,6500,260,39,35000,45,18,3.45,396,457,497,477,,3136,1155,2899,727,3119,1125
SS,1,6500,270,39,35000,40.65,18,3.45,380,437,497,476,,3089,1131,2741,486,3106,1158
SS,1,6500,260,29,32600,42.9,30,2.83,410,504,505,476,,3236,1595,3235,1593,3235,1593
SS,1,6500,290,35,34100,37.05,18,3.21,365,422,477,476,,3030,1213,2697,618,3047,1242
SS,1,6500,280,45,36300,34.8,30,3.8,365,442,442,477,,3434,1060,3433,1058,3414,1025
SS,1,6500,250,27,32000,36,18,2.7,388,452,452,476,,2709,1406,2708,1404,2693,1381
SS,1,6500,270,35,34100,51.6,12,3.21,407,472,535,476,,3030,1117,2705,515,3142,1306
SS,1,6500,280,26,31800,39.3,18,2.63,384,444,445,476,,2928,1548,2927,1546,2927,1546
SS,1,6500,280,35,34100,47.55,12,3.21,392,472,540,476,,2872,888,2553,259,3110,1297
SS,1,6500,290,25,31500,35.25,24,2.56,375,447,447,476,,3032,1649,3031,1648,3014,1622
SS,1,6500,280,44,36100,40.8,24,3.74,377,442,477,477,,3399,1078,3165,642,3379,1043
SS,1,6500,290,43,35900,57.15,12,3.68,403,509,565,477,,3112,369,2781,0,3523,1158
SS,1,6500,260,31,33100,58.5,18,2.96,436,509,510,476,,3303,1530,3302,1528,3302,1528
SS,1,6500,260,26,31800,45.3,18,2.63,410,477,477,476,,2956,1572,2955,1570,2939,1547
SS,1,6500,270,36,34300,45.15,12,3.27,390,474,542,476,,2752,773,2451,165,2993,1195
SS,1,6500,280,39,35000,54.15,18,3.45,408,467,510,476,,3484,1299,3211,808,3465,1266
SS,1,6500,250,44,36100,53.55,18,3.74,418,482,525,477,,3343,1065,3095,597,3326,1034
SS,1,6500,260,43,35900,39.75,12,3.68,374,492,537,477,,2474,107,2196,0,2890,927
SS,1,6500,300,30,32800,46.5,12,2.9,386,457,512,476,,2911,1152,2620,629,3094,1451
SS,1,6500,260,41,35400,55.8,18,3.57,420,484,515,476,,3416,1195,3230,859,3415,1194
SS,1,6500,250,28,32300,46.05,30,2.77,424,524,525,476,,3214,1625,3213,1624,3213,1624
SS,1,6500,280,43,35900,40.65,24,3.68,377,442,472,477,,3387,1119,3184,746,3368,1085
SS,1,6500,250,36,34300,58.35,12,3.27,432,489,532,476,,3178,1283,2940,864,3177,1281
SS,1,6500,290,29,32600,41.25,24,2.83,387,459,460,476,,3229,1576,3228,1574,3228,1574
SS,1,6500,300,38,34800,42.6,12,3.39,369,484,537,476,,2646,272,2348,0,3128,1179
SS,1,6500,260,25,31500,33.6,24,2.56,384,462,462,476,,2833,1548,2832,1546,2816,1523
SS,1,6500,280,26,31800,38.55,18,2.63,382,442,442,476,,2911,1539,2910,1538,2893,1513
SS,1,6500,260,36,34300,45.75,18,3.27,401,462,482,476,,3121,1270,2996,1057,3104,1241
SS,1,6500,250,28,32300,45.45,18,2.77,414,482,482,476,,2931,1482,2930,1480,2915,1457
SS,1,6500,250,27,32000,40.2,24,2.7,406,489,490,476,,2938,1516,2937,1515,2937,1515
SS,1,6500,300,38,34800,56.85,30,3.39,413,497,497,476,,3935,1494,3934,1492,3915,1460
SS,1,6500,290,30,32800,33.75,12,2.9,355,442,507,476,,2421,782,2142,238,2708,1262
SS,1,7000,300,34,33800,33.75,12,3.15,375,491,555,510,,2560,402,2266,0,3031,1264
SS,1,7000,290,42,35700,56.7,12,3.62,434,541,605,510,,3356,495,3008,0,3739,1230
SS,1,7000,260,28,32300,50.55,12,2.77,449,501,525,509,,3187,1613,3050,1397,3167,1582
SS,1,7000,260,42,35700,58.8,12,3.62,455,536,610,510,,3421,882,3073,159,3584,1181
SS,1,7000,300,39,35000,37.8,24,3.45,394,456,485,510,,3637,1354,3437,1000,3612,1312
SS,1,7000,250,34,33800,51.9,18,3.15,456,529,527,510,,3390,1443,3401,1461,3385,1435
SS,1,7000,280,34,33800,41.4,30,3.15,422,511,510,509,,3666,1563,3678,1583,3678,1583
SS,1,7000,300,38,34800,33.3,24,3.39,381,451,470,510,,3441,1243,3314,1019,3491,1330
SS,1,7000,270,31,33100,44.85,24,2.96,435,514,515,509,,3476,1618,3471,1610,3471,1610
SS,1,7000,300,32,33300,44.25,12,3.02,408,496,565,509,,3004,951,2688,328,3336,1516
SS,1,7000,290,35,34100,35.55,12,3.21,384,496,562,510,,2613,443,2314,0,3054,1248
SS,1,7000,280,40,35200,55.65,12,3.51,439,531,607,510,,3336,757,2989,13,3628,1294
SS,1,7000,290,28,32300,46.95,12,2.77,424,479,532,509,,3198,1528,2895,1023,3261,1626
SS,1,7000,290,30,32800,39.75,18,2.9,407,461,487,509,,3303,1585,3133,1310,3280,1549
SS,1,7000,280,37,34500,47.4,12,3.33,421,516,590,510,,3043,730,2726,58,3354,1293
SS,1,7000,280,45,36300,40.65,12,3.8,395,526,570,511,,2712,0,2413,0,3293,993
SS,1,7000,270,28,32300,46.2,12,2.77,432,479,525,509,,3140,1585,2876,1160,3135,1578
SS,1,7000,250,45,36300,39.75,12,3.8,407,529,577,511,,2661,84,2357,0,3068,909
SS,1,7000,290,45,36300,41.85,30,3.8,409,486,487,511,,3949,1219,3944,1209,3925,1175
SS,1,7000,270,35,34100,46.65,24,3.21,435,514,512,510,,3580,1482,3592,1501,3575,1473
SS,1,7000,300,31,33100,41.7,18,2.96,407,461,497,509,,3417,1580,3181,1189,3430,1601
SS,1,7000,300,40,35200,56.1,18,3.51,434,494,562,510,,3919,1367,3493,557,3951,1423
SS,1,7000,290,27,32000,50.25,12,2.7,434,479,525,509,,3350,1739,3067,1289,3345,1732
SS,1,7000,250,32,33300,38.7,12,3.02,416,481,545,510,,2767,1112,2473,581,2863,1271
SS,1,7000,290,39,35000,31.8,24,3.45,380,451,470,510,,3357,1176,3234,957,3406,1261
SS,1,7000,260,37,34500,51.15,12,3.33,441,514,582,510,,3192,1055,2862,419,3339,1313
SS,1,7000,270,31,33100,53.85,30,2.96,462,561,562,510,,3818,1773,3813,1766,3797,1740
SS,1,7000,280,32,33300,36.3,30,3.02,410,499,500,509,,3511,1584,3506,1576,3506,1576
SS,1,7000,270,45,36300,39.9,12,3.8,398,529,570,511,,2665,0,2386,0,3204,957
SS,1,7000,280,27,32000,47.25,18,2.7,436,499,500,509,,3372,1747,3367,1739,3367,1739
SS,1,7000,260,28,32300,53.85,18,2.77,463,536,535,509,,3401,1708,3412,1725,3412,1725
SS,1,7000,270,28,32300,40.95,30,2.77,433,529,527,509,,3479,1747,3490,1765,3474,1740
SS,1,7000,290,44,36100,53.25,30,3.74,437,519,520,510,,4211,1348,4205,1338,4205,1338
SS,1,7000,260,30,32800,37.35,30,2.9,425,521,522,509,,3373,1614,3368,1606,3353,1582
SS,1,7000,250,28,32300,42,12,2.77,431,481,517,509,,2902,1455,2709,1144,2913,1471
SS,1,7000,290,28,32300,51.9,24,2.77,446,524,525,509,,3719,1878,3714,1870,3714,1870
SS,1,7000,260,43,35900,33.15,12,3.68,383,514,555,511,,2421,0,2159,0,2917,928
SS,1,7000,300,33,33600,38.85,18,3.09,397,451,505,509,,3357,1448,3023,867,3370,1470
SS,1,7000,250,30,32800,53.1,24,2.9,469,559,560,509,,3505,1682,3501,1675,3501,1675
SS,1,7000,290,27,32000,34.35,12,2.7,388,461,520,509,,2686,1140,2408,648,2916,1505
SS,1,7000,250,33,33600,55.65,24,3.09,471,561,562,510,,3611,1596,3607,1589,3592,1564
SS,1,7000,260,25,31500,58.35,30,2.56,486,596,595,509,,3712,2018,3723,2034,3723,2034
SS,1,7000,290,37,34500,55.8,24,3.33,446,521,520,509,,3967,1546,3979,1568,3979,1568
SS,1,7000,250,39,35000,39.75,24,3.45,423,501,502,510,,3350,1242,3345,1234,3329,1207
SS,1,7000,250,32,33300,55.95,18,3.02,469,544,545,509,,3455,1566,3451,1559,3451,1559
SS,1,7000,290,45,36300,53.4,18,3.8,428,509,582,511,,3710,843,3316,2,3879,1160
SS,1,7000,260,27,32000,58.05,18,2.7,474,551,550,509,,3475,1793,3485,1809,3485,1809
SS,1,7000,290,36,34300,37.35,12,3.27,389,504,567,510,,2667,398,2363,0,3122,1240
SS,1,7000,300,28,32300,41.1,18,2.77,409,464,480,509,,3352,1684,3244,1513,3347,1675
SS,1,7000,280,27,32000,39.75,18,2.7,415,474,475,509,,3189,1652,3184,1644,3184,1644
SS,1,7000,270,33,33600,32.7,24,3.09,397,471,472,510,,3208,1407,3203,1399,3187,1372
SS,1,7000,290,30,32800,47.4,12,2.9,423,486,547,509,,3183,1364,2857,790,3329,1598
SS,1,7000,270,37,34500,52.95,12,3.33,440,516,587,510,,3270,1040,2926,365,3436,1332
SS,1,7000,260,43,35900,54.9,12,3.68,444,539,610,510,,3252,639,2921,0,3513,1131
SS,1,7000,290,28,32300,41.25,18,2.77,414,471,477,509,,3295,1654,3256,1593,3308,1673
SS,1,7000,260,27,32000,36.15,24,2.7,420,501,500,509,,3133,1615,3144,1632,3144,1632
SS,1,7000,260,28,32300,34.05,18,2.77,406,466,467,509,,2944,1489,2939,1482,2923,1458
SS,1,7000,290,41,35400,57.6,24,3.57,446,519,520,510,,4090,1422,4085,1413,4085,1413
SS,1,7000,260,27,32000,47.85,12,2.7,443,494,517,509,,3105,1612,2969,1399,3100,1605
SS,1,7000,290,35,34100,52.2,12,3.21,430,511,580,510,,3281,1039,2944,378,3519,1452
SS,1,7000,300,32,33300,47.25,12,3.02,416,499,565,509,,3126,1062,2805,446,3416,1551
SS,1,7000,280,27,32000,43.2,18,2.7,425,486,487,510,,3269,1688,3264,1680,3248,1655
SS,1,7000,260,44,36100,50.25,30,3.74,446,536,537,511,,3911,1250,3906,1241,3890,1212
SS,1,7000,260,41,35400,38.25,12,3.57,401,519,572,510,,2630,238,2346,0,3052,1055
SS,1,7000,290,27,32000,52.95,18,2.7,446,509,510,509,,3572,1851,3566,1844,3566,1844
SS,1,7000,260,26,31800,40.35,12,2.63,423,469,507,509,,2900,1541,2686,1206,2895,1535
SS,1,7000,270,42,35700,48.6,30,3.62,438,526,527,510,,3912,1328,3907,1319,3890,1289
SS,1,7000,250,26,31800,49.35,30,2.63,469,576,577,509,,3487,1854,3483,1847,3469,1825
SS,1,7000,300,25,31500,52.5,24,2.56,447,524,525,509,,3736,2035,3730,2027,3730,2027
SS,1,7000,260,31,33100,33.6,12,2.96,395,471,537,509,,2582,953,2298,421,2795,1304
SS,1,7000,290,43,35900,40.35,30,3.68,406,486,487,511,,3867,1259,3861,1249,3843,1216
SS,1,7000,250,25,31500,43.2,12,2.56,438,489,497,509,,2899,1584,2851,1512,2894,1577
SS,1,7000,280,30,32800,52.95,12,2.9,443,491,542,510,,3397,1620,3095,1119,3375,1586
SS,1,7000,260,34,33800,42.75,18,3.15,426,489,502,509,,3247,1388,3166,1251,3243,1380
SS,1,7000,270,35,34100,57.3,24,3.21,461,544,545,509,,3832,1601,3827,1593,3827,1593
SS,1,7000,260,32,33300,57.75,12,3.02,463,519,550,509,,3418,1551,3238,1251,3414,1544
SS,1,7000,280,32,33300,32.1,18,3.02,386,451,482,509,,2984,1256,2802,946,3062,1384
SS,1,7000,250,29,32600,49.8,18,2.83,456,529,530,509,,3270,1610,3266,1603,3266,1603
SS,1,7000,300,36,34300,46.35,24,3.27,419,486,487,510,,3807,1548,3801,1539,3783,1507
SS,1,7000,300,31,33100,54.15,12,2.96,434,496,557,509,,3449,1460,3103,850,3565,1649
SS,1,7000,270,38,34800,55.2,30,3.39,458,551,552,510,,3988,1530,3983,1522,3967,1493
SS,1,7000,250,37,34500,49.8,24,3.33,453,536,537,510,,3554,1403,3550,1395,3534,1369
SS,1,7000,290,32,33300,53.4,24,3.02,445,521,522,510,,3829,1736,3824,1727,3806,1699
SS,1,7000,250,38,34800,46.8,24,3.39,443,526,527,510,,3496,1331,3492,1323,3476,1297
SS,1,7000,290,34,33800,47.1,12,3.15,418,504,575,510,,3091,948,2761,291,3371,1432
SS,1,7000,260,42,35700,36.15,30,3.62,410,499,497,510,,3536,1188,3548,1209,3531,1179
SS,1,7000,260,32,33300,54.45,30,3.02,468,571,570,509,,3771,1700,3782,1718,3782,1718
SS,1,7000,250,44,36100,45,30,3.74,438,531,532,511,,3707,1175,3703,1166,3687,1138
SS,1,7000,270,38,34800,58.65,18,3.39,457,524,540,510,,3763,1437,3661,1259,3758,1428
SS,1,7000,270,25,31500,39,12,2.56,414,459,500,509,,2902,1577,2669,1215,2897,1570
SS,1,7000,270,45,36300,33.9,24,3.8,391,456,497,511,,3431,1060,3174,572,3408,1019
SS,1,7000,260,28,32300,53.7,24,2.77,467,556,555,509,,3544,1783,3555,1799,3555,1799
SS,1,7000,280,30,32800,55.35,30,2.9,461,559,557,509,,3900,1858,3912,1877,3895,1850
SS,1,7000,280,31,33100,38.55,12,2.96,402,481,550,509,,2790,995,2482,409,3046,1421
SS,1,7000,300,26,31800,42.15,18,2.63,414,469,470,509,,3356,1789,3351,1781,3351,1781
SS,1,7000,260,36,34300,44.55,30,3.27,439,534,535,510,,3637,1471,3633,1463,3633,1463
SS,1,7000,290,44,36100,54.9,30,3.74,441,524,525,510,,4244,1352,4239,1342,4239,1342
SS,1,7000,270,35,34100,54.3,24,3.21,454,536,537,510,,3758,1560,3753,1552,3736,1524
SS,1,7000,270,44,36100,42,30,3.74,419,504,505,510,,3792,1210,3787,1201,3787,1201
SS,1,7000,290,28,32300,33.15,30,2.77,401,486,487,509,,3440,1742,3435,1734,3418,1707
SS,1,7000,260,42,35700,54.15,18,3.62,448,514,557,510,,3645,1220,3390,744,3640,1212
SS,1,7000,260,34,33800,35.7,18,3.15,405,464,495,509,,3070,1314,2888,1005,3066,1307
SS,1,7000,280,26,31800,59.1,30,2.63,475,576,577,509,,3899,2070,3895,2063,3878,2038
SS,1,7000,250,25,31500,41.55,18,2.56,438,509,507,509,,3008,1635,3019,1651,3004,1629
SS,1,7000,280,38,34800,39.6,30,3.39,413,499,500,510,,3697,1410,3692,1401,3692,1401
SS,1,7000,270,28,32300,54.9,12,2.77,455,509,527,509,,3345,1684,3233,1508,3341,1677
SS,1,7000,280,37,34500,48.6,12,3.33,424,516,590,510,,3095,782,2770,103,3378,1293
SS,1,7000,290,43,35900,36.6,24,3.68,391,454,502,510,,3603,1185,3286,586,3598,1175
SS,1,7000,290,37,34500,40.5,18,3.33,403,464,530,510,,3361,1229,2981,520,3426,1342
SS,1,7000,260,28,32300,44.7,24,2.77,443,526,527,509,,3358,1699,3354,1692,3339,1668
SS,1,7000,260,42,35700,37.2,24,3.62,408,481,485,510,,3392,1133,3370,1095,3403,1154
SS,1,7500,250,27,32000,43.5,24,2.7,479,571,570,543,,3465,1787,3472,1797,3472,1797
SS,1,7500,280,36,34300,42.6,30,3.27,454,546,545,543,,3995,1606,4003,1620,4003,1620
SS,1,7500,280,34,33800,36.9,18,3.15,428,483,537,543,,3454,1476,3133,916,3445,1461
SS,1,7500,280,36,34300,56.4,30,3.27,490,586,587,543,,4342,1764,4333,1749,4316,1720
SS,1,7500,290,38,34800,42,24,3.39,440,511,517,543,,3915,1484,3870,1407,3923,1498
SS,1,7500,280,39,35000,36.75,24,3.45,428,498,507,543,,3725,1380,3665,1275,3716,1364
SS,1,7500,260,32,33300,49.95,24,3.02,486,573,572,543,,3787,1708,3794,1720,3779,1695
SS,1,7500,290,29,32600,51.75,12,2.83,468,518,575,543,,3622,1738,3292,1185,3647,1777
SS,1,7500,270,37,34500,52.65,24,3.33,481,563,562,543,,4024,1575,4032,1588,4016,1560
SS,1,7500,280,43,35900,48,18,3.68,452,526,602,544,,3797,1057,3387,216,3906,1257
SS,1,7500,270,39,35000,47.55,30,3.45,470,563,565,543,,4110,1528,4101,1513,4101,1513
SS,1,7500,250,28,32300,44.4,18,2.77,475,546,547,543,,3356,1697,3348,1685,3333,1662
SS,1,7500,280,36,34300,46.2,30,3.27,464,556,557,543,,4093,1657,4084,1642,4067,1613
SS,1,7500,270,38,34800,43.8,18,3.39,450,508,565,543,,3655,1404,3325,803,3646,1388
SS,1,7500,300,41,35400,41.1,30,3.57,435,516,515,543,,4204,1462,4213,1478,4213,1478
SS,1,7500,250,27,32000,43.65,24,2.7,480,571,570,543,,3472,1793,3479,1804,3479,1804
SS,1,7500,280,27,32000,57.15,18,2.7,494,566,565,543,,3850,1987,3857,1999,3857,1999
SS,1,7500,260,40,35200,41.25,30,3.51,457,551,552,544,,3894,1405,3886,1390,3870,1362
SS,1,7500,250,27,32000,49.8,18,2.7,493,568,567,543,,3464,1793,3471,1803,3456,1781
SS,1,7500,270,25,31500,51.75,30,2.56,498,603,605,543,,3924,2142,3915,2130,3915,2130
SS,1,7500,280,43,35900,41.1,18,3.68,433,516,595,544,,3518,834,3129,0,3723,1214
SS,1,7500,290,30,32800,37.8,18,2.9,431,486,515,543,,3474,1657,3289,1354,3483,1670
SS,1,7500,260,44,36100,48.9,18,3.74,464,526,602,544,,3814,1210,3394,381,3789,1164
SS,1,7500,280,26,31800,35.1,12,2.63,425,483,542,543,,2950,1438,2651,938,3066,1618
SS,1,7500,270,32,33300,37.5,30,3.02,449,543,545,543,,3728,1691,3720,1677,3720,1677
SS,1,7500,250,39,35000,37.8,12,3.45,436,541,615,544,,2828,540,2521,0,3149,1141
SS,1,7500,260,33,33600,54.45,12,3.09,486,541,592,543,,3592,1579,3307,1088,3600,1591
SS,1,7500,280,42,35700,42.75,12,3.62,433,566,615,544,,3021,124,2707,0,3549,1181
SS,1,7500,290,38,34800,41.55,30,3.39,444,531,530,543,,4079,1545,4088,1560,4088,1560
SS,1,7500,270,32,33300,33.3,24,3.02,429,506,505,543,,3439,1553,3447,1566,3447,1566
SS,1,7500,260,39,35000,35.1,30,3.45,439,533,532,544,,3710,1367,3718,1380,3702,1352
SS,1,7500,250,35,34100,42,24,3.21,465,551,550,543,,3570,1476,3577,1488,3577,1488
SS,1,7500,280,40,35200,51.15,12,3.51,459,566,640,543,,3382,623,3033,0,3777,1365
SS,1,7500,260,38,34800,41.55,12,3.39,443,543,625,543,,3003,673,2672,0,3330,1272
SS,1,7500,260,37,34500,46.8,24,3.33,471,553,552,543,,3806,1492,3813,1505,3798,1478
SS,1,7500,260,44,36100,40.65,30,3.74,451,543,542,544,,3942,1245,3950,1259,3934,1229
SS,1,7500,280,33,33600,55.95,18,3.09,483,551,550,543,,3940,1728,3948,1741,3948,1741
SS,1,7500,250,35,34100,32.4,30,3.21,440,538,540,543,,3509,1466,3500,1452,3500,1452
SS,1,7500,280,34,33800,40.35,12,3.15,434,531,607,543,,3011,821,2694,165,3337,1398
SS,1,7500,260,34,33800,33.15,30,3.15,438,533,535,543,,3584,1541,3576,1527,3576,1527
SS,1,7500,250,42,35700,57,30,3.62,503,608,607,544,,4215,1419,4222,1432,4207,1405
SS,1,7500,270,38,34800,31.5,12,3.39,404,531,590,544,,2594,235,2294,0,3068,1146
SS,1,7500,260,27,32000,35.4,30,2.7,454,556,555,543,,3503,1807,3511,1818,3511,1818
SS,1,7500,290,41,35400,34.8,18,3.57,410,498,575,544,,3304,750,2918,0,3557,1219
SS,1,7500,290,41,35400,38.55,18,3.57,422,506,585,544,,3453,858,3062,28,3659,1238
SS,1,7500,260,37,34500,41.55,30,3.33,461,558,557,543,,3839,1503,3847,1516,3831,1489
SS,1,7500,270,28,32300,46.2,24,2.77,474,558,557,543,,3698,1862,3705,1874,3689,1849
SS,1,7500,280,29,32600,32.4,30,2.83,431,523,522,543,,3608,1769,3616,1781,3599,1755
SS,1,7500,290,39,35000,36.15,30,3.45,428,511,512,544,,3963,1468,3953,1451,3935,1420
SS,1,7500,290,39,35000,45.75,18,3.45,445,508,582,543,,3791,1309,3368,495,3852,1416
SS,1,7500,290,27,32000,40.95,12,2.7,439,501,557,543,,3173,1482,2876,979,3309,1696
SS,1,7500,300,38,34800,42.9,18,3.39,433,503,577,543,,3688,1213,3276,407,3820,1445
SS,1,7500,300,36,34300,45.9,12,3.27,438,548,625,543,,3232,660,2892,0,3682,1482
SS,1,7500,280,27,32000,36.15,12,2.7,428,493,552,543,,2954,1348,2664,850,3131,1627
SS,1,7500,290,32,33300,52.8,30,3.02,481,573,575,543,,4254,1935,4245,1920,4245,1920
SS,1,7500,250,45,36300,34.8,30,3.8,438,531,532,545,,3733,1146,3725,1130,3709,1102
SS,1,7500,300,35,34100,49.35,30,3.21,463,551,550,543,,4298,1785,4306,1799,4306,1799
SS,1,7500,270,44,36100,53.25,24,3.74,475,553,557,544,,4170,1313,4144,1266,4161,1296
SS,1,7500,260,43,35900,55.2,24,3.68,487,568,570,544,,4133,1365,4124,1350,4124,1350
SS,1,7500,280,38,34800,31.5,18,3.39,406,481,552,544,,3200,1002,2839,286,3338,1246
SS,1,7500,300,25,31500,31.8,24,2.56,418,488,490,543,,3474,1899,3465,1885,3465,1885
SS,1,7500,270,25,31500,34.5,24,2.56,442,523,522,543,,3344,1815,3351,1826,3336,1803
SS,1,7500,300,40,35200,51.3,24,3.51,458,528,545,544,,4278,1532,4161,1323,4268,1515
SS,1,7500,300,29,32600,40.8,30,2.83,447,536,535,543,,3956,1935,3965,1949,3965,1949
SS,1,7500,290,27,32000,43.2,12,2.7,446,503,560,543,,3274,1574,2967,1061,3396,1765
SS,1,7500,270,44,36100,31.8,18,3.74,407,496,567,544,,3148,611,2771,0,3371,1035
SS,1,7500,270,35,34100,59.25,18,3.21,495,566,567,543,,3990,1662,3981,1648,3965,1620
SS,1,7500,270,34,33800,51.15,12,3.15,471,536,605,543,,3488,1355,3135,706,3589,1526
SS,1,7500,300,34,33800,57.75,12,3.15,472,546,615,543,,3784,1366,3413,667,3960,1668
SS,1,7500,290,31,33100,51.3,18,2.96,468,531,535,543,,3856,1789,3830,1746,3864,1802
SS,1,7500,280,28,32300,32.1,24,2.77,425,501,500,543,,3399,1706,3407,1718,3407,1718
SS,1,7500,260,45,36300,48.6,30,3.8,473,566,567,545,,4166,1284,4158,1268,4141,1238
SS,1,7500,260,28,32300,48.6,30,2.77,492,598,597,543,,3833,1928,3840,1940,3825,1916
SS,1,7500,280,45,36300,50.25,12,3.8,452,581,632,544,,3311,118,2952,0,3832,1177
SS,1,7500,280,25,31500,33.15,30,2.56,438,533,532,543,,3551,1933,3559,1945,3543,1920
SS,1,7500,280,42,35700,56.85,30,3.62,484,578,577,544,,4462,1496,4470,1511,4453,1479
SS,1,7500,280,26,31800,36.45,24,2.63,442,518,520,543,,3491,1860,3483,1847,3483,1847
SS,1,7500,280,27,32000,43.65,24,2.7,463,543,542,543,,3683,1900,3690,1912,3674,1887
SS,1,7500,260,43,35900,43.95,30,3.68,462,556,555,544,,4007,1305,4015,1319,4015,1319
SS,1,7500,270,29,32600,35.4,24,2.83,440,518,517,543,,3446,1691,3453,1703,3437,1678
SS,1,7500,270,35,34100,55.65,12,3.21,481,543,610,543,,3662,1434,3307,785,3717,1527
SS,1,7500,270,29,32600,39.45,12,2.83,441,503,565,543,,3068,1368,2762,838,3181,1550
SS,1,7500,280,28,32300,52.8,30,2.77,491,591,592,543,,4087,2064,4079,2051,4062,2025
SS,1,7500,290,35,34100,34.35,18,3.21,414,481,542,543,,3351,1255,3010,622,3463,1443
SS,1,7500,290,35,34100,43.65,24,3.21,448,521,520,543,,3906,1619,3914,1633,3914,1633
SS,1,7500,290,45,36300,52.65,18,3.8,458,541,620,545,,3956,894,3536,0,4135,1233
SS,1,7500,280,40,35200,38.7,24,3.51,434,503,517,544,,3797,1366,3703,1200,3788,1350
SS,1,7500,270,43,35900,36.45,30,3.68,434,521,522,544,,3901,1286,3892,1270,3875,1239
SS,1,7500,270,45,36300,33,30,3.8,422,508,507,545,,3827,1161,3835,1176,3818,1144
SS,1,7500,300,43,35900,32.55,18,3.68,397,501,562,544,,3201,416,2825,0,3600,1184
SS,1,7500,280,26,31800,51.45,30,2.63,490,591,592,543,,4013,2134,4004,2121,3988,2097
SS,1,7500,250,34,33800,53.7,24,3.15,499,591,592,543,,3842,1649,3834,1635,3819,1611
SS,1,7500,280,28,32300,45,30,2.77,470,566,567,543,,3911,1979,3902,1966,3886,1940
SS,1,7500,280,33,33600,34.5,24,3.09,427,501,500,543,,3554,1559,3562,1572,3562,1572
SS,1,7500,280,25,31500,57.6,18,2.56,498,571,570,543,,3822,2081,3829,2092,3829,2092
SS,1,7500,260,37,34500,59.1,30,3.33,508,613,612,543,,4248,1665,4256,1677,4240,1650
SS,1,7500,290,28,32300,45.6,18,2.77,457,516,517,543,,3658,1848,3649,1834,3632,1807
SS,1,7500,270,31,33100,39.3,24,2.96,450,528,530,543,,3586,1671,3577,1657,3577,1657
SS,1,7500,290,32,33300,48.75,18,3.02,461,521,540,543,,3808,1717,3683,1510,3816,1730
SS,1,7500,260,32,33300,38.85,24,3.02,453,533,535,543,,3525,1602,3516,1588,3516,1588
SS,1,7500,250,37,34500,45.6,30,3.33,479,581,582,543,,3863,1519,3855,1505,3840,1480
SS,1,7500,280,28,32300,52.65,12,2.77,477,526,565,543,,3597,1812,3363,1436,3605,1824
SS,1,7500,280,30,32800,39.3,24,2.9,446,523,522,543,,3626,1724,3634,1736,3617,1710
SS,1,7500,260,39,35000,55.65,12,3.45,483,558,632,543,,3584,1122,3226,413,3728,1378
SS,1,7500,270,27,32000,49.95,24,2.7,486,573,572,543,,3764,1943,3771,1954,3756,1930
SS,1,7500,260,33,33600,48.9,24,3.09,481,568,567,543,,3779,1655,3786,1667,3770,1641
SS,1,7500,280,39,35000,45.6,18,3.45,449,506,577,544,,3785,1402,3368,620,3759,1356
SS,1,7500,260,37,34500,54.15,12,3.33,481,548,620,543,,3560,1269,3201,589,3643,1414
SS,1,7500,260,39,35000,32.1,30,3.45,429,523,522,544,,3629,1332,3636,1346,3620,1318
SS,1,7500,260,36,34300,54.15,12,3.27,482,543,615,543,,3583,1376,3214,694,3637,1468
SS,1,7500,260,28,32300,58.5,18,2.77,509,586,587,543,,3762,1901,3754,1888,3739,1865
SS,1,8000,310,37,34500,33.15,30,3.33,439,520,520,577,,4246,1665,4250,1673,4250,1673
SS,1,8000,350,33,33600,45.6,12,3.09,448,578,652,576,,3521,612,3162,0,4193,1841
SS,1,8000,310,37,34500,40.95,12,3.33,447,585,647,577,,3225,295,2880,0,3831,1468
SS,1,8000,310,44,36100,46.5,12,3.74,457,605,652,577,,3411,0,3060,0,4179,1337
SS,1,8000,340,30,32800,58.35,18,2.9,495,550,582,576,,4649,2211,4412,1822,4654,2218
SS,1,8000,340,33,33600,43.65,18,3.09,452,523,592,577,,4084,1546,3664,761,4260,1843
SS,1,8000,300,29,32600,48,18,2.83,488,548,555,577,,4052,1982,4004,1906,4038,1961
SS,1,8000,310,42,35700,51.75,12,3.62,474,613,667,578,,3666,172,3287,0,4283,1418
SS,1,8000,310,31,33100,32.85,12,2.96,426,543,627,577,,2948,685,2625,0,3463,1596
SS,1,8000,310,45,36300,37.2,12,3.8,428,580,625,578,,2978,0,2690,0,3869,1191
SS,1,8000,340,26,31800,56.25,30,2.63,504,590,590,576,,4863,2585,4868,2592,4868,2592
SS,1,8000,300,32,33300,38.85,12,3.02,451,555,637,577,,3199,881,2862,176,3619,1619
SS,1,8000,320,30,32800,35.85,12,2.9,434,545,627,576,,3104,832,2775,134,3630,1743
SS,1,8000,350,43,35900,36.6,24,3.68,422,510,587,578,,4249,933,3760,0,4535,1469
SS,1,8000,300,41,35400,57.15,30,3.57,508,598,597,577,,4926,1712,4930,1719,4912,1687
SS,1,8000,330,25,31500,53.1,18,2.56,493,548,550,576,,4332,2370,4318,2348,4318,2348
SS,1,8000,350,28,32300,52.8,30,2.77,488,568,570,576,,4907,2484,4891,2460,4891,2460
SS,1,8000,320,38,34800,42.15,18,3.39,451,538,620,577,,3909,1073,3479,177,4177,1558
SS,1,8000,350,40,35200,56.85,18,3.51,475,573,652,577,,4518,1024,4072,58,4924,1778
SS,1,8000,300,35,34100,33,30,3.21,445,530,530,576,,4132,1721,4137,1728,4137,1728
SS,1,8000,340,28,32300,47.25,30,2.77,478,560,560,576,,4668,2348,4673,2355,4673,2355
SS,1,8000,350,39,35000,37.65,18,3.45,424,540,607,577,,3710,511,3291,0,4281,1596
SS,1,8000,330,42,35700,39.3,24,3.62,439,510,585,578,,4363,1309,3887,350,4447,1462
SS,1,8000,320,26,31800,52.05,18,2.63,494,550,550,576,,4253,2264,4257,2270,4257,2270
SS,1,8000,330,36,34300,54.15,24,3.27,486,553,567,577,,4796,1942,4685,1751,4781,1916
SS,1,8000,350,32,33300,41.85,24,3.02,449,510,532,577,,4464,1996,4292,1710,4469,2004
SS,1,8000,350,29,32600,57.45,24,2.83,494,560,562,577,,4875,2401,4859,2376,4839,2344
SS,1,8000,320,45,36300,47.7,30,3.8,470,545,562,578,,4927,1518,4795,1273,4932,1527
SS,1,8000,340,44,36100,47.85,24,3.74,458,533,612,578,,4703,1249,4191,182,4850,1523
SS,1,8000,330,34,33800,46.2,24,3.15,468,533,545,577,,4512,1922,4420,1768,4497,1897
SS,1,8000,350,41,35400,52.95,12,3.57,460,613,660,578,,3765,0,3377,0,4575,1552
SS,1,8000,350,36,34300,55.8,18,3.27,477,553,627,577,,4566,1540,4102,636,4789,1928
SS,1,8000,340,40,35200,34.35,12,3.51,410,568,612,577,,2926,0,2635,0,3856,1372
SS,1,8000,350,34,33800,48.9,30,3.15,471,548,547,577,,4927,2096,4932,2104,4911,2069
SS,1,8000,300,41,35400,52.35,24,3.57,491,563,587,577,,4615,1603,4444,1292,4601,1578
SS,1,8000,340,38,34800,41.7,24,3.39,446,510,567,577,,4487,1641,4087,896,4533,1721
SS,1,8000,320,35,34100,31.5,12,3.21,413,563,615,576,,2843,100,2529,0,3560,1489
SS,1,8000,330,31,33100,45.75,18,2.96,465,515,577,576,,4228,1950,3812,1238,4233,1958
SS,1,8000,300,43,35900,57.75,30,3.68,508,595,595,577,,4991,1636,4996,1644,4996,1644
SS,1,8000,310,36,34300,53.4,18,3.27,489,545,612,577,,4428,1787,3997,1006,4433,1794
SS,1,8000,330,45,36300,34.65,24,3.8,423,510,582,578,,4118,846,3666,0,4351,1292
SS,1,8000,300,43,35900,54.3,18,3.68,489,570,652,578,,4339,1134,3888,189,4519,1469
SS,1,8000,330,39,35000,42,12,3.45,439,593,640,577,,3285,0,2936,0,4058,1497
SS,1,8000,330,44,36100,36.9,12,3.74,419,575,620,578,,2989,0,2701,0,3956,1237
SS,1,8000,330,27,32000,32.1,30,2.7,439,520,520,576,,4140,2136,4145,2143,4145,2143
SS,1,8000,320,38,34800,37.05,24,3.39,441,510,550,577,,4187,1508,3918,1014,4230,1583
SS,1,8000,320,42,35700,49.05,30,3.62,476,555,555,577,,4892,1648,4897,1657,4897,1657
SS,1,8000,300,36,34300,55.5,24,3.27,505,580,582,577,,4604,1870,4590,1847,4572,1816
SS,1,8000,320,26,31800,35.85,12,2.63,438,523,590,577,,3189,1308,2871,729,3531,1856
SS,1,8000,310,35,34100,37.05,24,3.21,448,513,527,577,,4131,1728,4026,1549,4116,1703
SS,1,8000,320,43,35900,32.85,24,3.68,423,510,570,577,,3981,950,3632,218,4210,1375
SS,1,8000,340,41,35400,45,18,3.57,448,560,630,577,,3983,586,3547,0,4481,1545
SS,1,8000,330,35,34100,50.55,30,3.21,483,563,565,577,,4866,2038,4851,2012,4851,2012
SS,1,8000,320,32,33300,48.75,24,3.02,482,550,550,576,,4481,2033,4485,2040,4485,2040
SS,1,8000,320,28,32300,51.75,30,2.77,500,588,590,576,,4652,2353,4638,2331,4638,2331
SS,1,8000,340,42,35700,42.6,12,3.62,434,590,635,578,,3270,0,2952,0,4172,1365
SS,1,8000,330,44,36100,48.75,30,3.74,469,543,562,578,,5014,1594,4860,1308,4998,1565
SS,1,8000,350,44,36100,55.35,12,3.74,463,615,662,578,,3829,0,3445,0,4743,1498
SS,1,8000,330,29,32600,41.25,30,2.83,464,545,547,577,,4465,2200,4450,2176,4431,2146
SS,1,8000,330,31,33100,53.55,18,2.96,486,540,582,576,,4465,2068,4169,1571,4470,2075
SS,1,8000,320,35,34100,34.95,18,3.21,431,510,590,576,,3660,1192,3238,354,3913,1632
SS,1,8000,320,38,34800,46.5,30,3.39,474,555,555,577,,4725,1790,4730,1798,4730,1798
SS,1,8000,310,39,35000,57.3,12,3.45,492,605,685,577,,3934,733,3539,0,4420,1647
SS,1,8000,300,44,36100,52.2,18,3.74,483,573,655,578,,4225,931,3792,0,4488,1429
SS,1,8000,340,28,32300,36.45,18,2.77,436,510,547,576,,3722,1625,3493,1231,3949,1988
SS,1,8000,330,44,36100,38.4,24,3.74,435,510,592,577,,4326,1127,3824,68,4490,1431
SS,1,8000,350,29,32600,49.2,30,2.83,478,555,557,577,,4834,2384,4818,2359,4798,2327
SS,1,8000,300,41,35400,48.6,30,3.57,486,570,572,578,,4708,1653,4694,1628,4676,1595
SS,1,8000,310,33,33600,32.7,12,3.09,423,553,625,576,,2912,455,2588,0,3502,1538
SS,1,8000,340,33,33600,48.9,24,3.09,472,535,545,576,,4647,2044,4572,1919,4652,2051
SS,1,8000,310,32,33300,49.35,30,3.02,493,583,582,577,,4593,2070,4597,2077,4579,2047
SS,1,8000,340,27,32000,48.6,30,2.7,484,565,565,576,,4688,2430,4693,2437,4693,2437
SS,1,8000,330,27,32000,44.1,12,2.7,460,540,607,577,,3563,1475,3217,850,3871,1973
SS,1,8000,320,35,34100,38.7,18,3.21,443,518,595,577,,3825,1318,3397,487,4027,1668
SS,1,8000,310,38,34800,32.55,30,3.39,436,515,517,577,,4257,1634,4242,1609,4224,1576
SS,1,8000,310,34,33800,53.7,30,3.15,502,590,592,577,,4769,2052,4754,2028,4736,1997
SS,1,8000,330,39,35000,45.6,24,3.45,461,520,577,577,,4619,1724,4213,974,4584,1661
SS,1,8000,330,29,32600,38.1,30,2.83,455,535,537,577,,4373,2152,4358,2129,4339,2099
SS,1,8000,300,44,36100,35.7,24,3.74,440,510,577,578,,4118,1210,3707,385,4160,1286
SS,1,8000,320,35,34100,34.05,12,3.21,422,568,625,577,,2953,184,2627,0,3617,1467
SS,1,8000,340,28,32300,40.8,24,2.77,455,518,517,576,,4297,2166,4301,2173,4281,2142
SS,1,8000,350,32,33300,33.15,30,3.02,428,510,502,577,,4347,1879,4413,1988,4392,1954
SS,1,8000,350,43,35900,38.25,12,3.68,416,575,620,578,,3074,0,2779,0,4117,1334
SS,1,8000,340,34,33800,40.65,18,3.15,442,523,597,577,,3924,1310,3505,487,4209,1800
SS,1,8000,320,33,33600,33.9,18,3.09,429,510,572,576,,3584,1258,3246,613,3835,1684
SS,1,8000,300,41,35400,35.85,30,3.57,449,530,530,577,,4334,1509,4338,1516,4338,1516
SS,1,8000,340,37,34500,48.6,30,3.33,471,548,547,577,,4921,1929,4926,1937,4906,1902
SS,1,8000,300,34,33800,33.45,24,3.15,442,510,510,576,,3920,1673,3924,1680,3924,1680
SS,1,8000,340,35,34100,31.5,30,3.21,423,510,497,577,,4260,1638,4365,1816,4344,1782
SS,1,8000,300,43,35900,35.4,24,3.68,439,510,570,578,,4094,1252,3723,522,4135,1327
SS,1,8000,300,30,32800,44.4,30,2.9,487,578,577,576,,4349,2082,4353,2088,4336,2060
SS,1,8000,320,40,35200,57.75,30,3.51,500,583,585,577,,5098,1844,5083,1817,5083,1817
SS,1,8000,300,45,36300,41.55,12,3.8,446,595,642,578,,3164,0,2840,0,3940,1190
SS,1,8000,340,31,33100,47.7,30,2.96,476,555,555,576,,4759,2215,4764,2222,4764,2222
SS,1,8000,320,42,35700,53.55,30,3.62,488,568,567,577,,5025,1702,5030,1710,5010,1675
SS,1,8000,340,44,36100,51,30,3.74,470,543,570,578,,5153,1629,4938,1226,5137,1600
SS,1,8000,330,31,33100,47.7,12,2.96,465,565,642,577,,3642,1124,3278,393,4076,1873
SS,1,8000,350,29,32600,31.8,18,2.83,415,510,550,576,,3476,1240,3257,834,3875,1903
SS,1,8000,330,26,31800,46.35,30,2.63,483,568,567,576,,4530,2409,4535,2416,4516,2387
SS,1,8000,310,27,32000,54,12,2.7,498,545,602,576,,4033,2051,3679,1475,4073,2113
SS,1,8000,340,39,35000,40.8,18,3.45,437,545,620,577,,3833,694,3407,0,4294,1563
SS,1,8000,310,43,35900,32.7,24,3.68,426,510,567,577,,3956,1019,3618,326,4144,1367
SS,1,8000,350,35,34100,45.6,24,3.21,456,515,557,577,,4661,1934,4341,1373,4666,1942
SS,1,8000,350,29,32600,40.8,30,2.83,454,530,532,577,,4590,2259,4574,2234,4554,2202
SS,1,8000,330,37,34500,39.6,18,3.33,440,533,612,577,,3810,991,3401,129,4150,1606
SS,1,8000,300,32,33300,48.75,18,3.02,487,545,577,576,,4133,1860,3922,1506,4137,1867
SS,1,8000,350,38,34800,53.4,18,3.39,469,560,640,577,,4407,1165,3956,220,4755,1798
SS,1,8000,320,34,33800,32.7,24,3.15,431,510,515,577,,3907,1510,3876,1457,4022,1704
SS,1,8000,310,28,32300,33.9,12,2.77,433,530,605,577,,3042,1049,2725,429,3442,1714
SS,1,8000,340,36,34300,55.35,30,3.27,489,568,570,577,,5098,2071,5082,2045,5082,2045
SS,1,8000,340,26,31800,57.9,12,2.63,495,545,600,576,,4275,2182,3915,1597,4356,2307
SS,1,8500,330,31,33100,31.65,24,2.96,453,540,527,610,,4085,1690,4174,1839,4269,1994
SS,1,8500,310,37,34500,45.15,24,3.33,501,570,590,610,,4682,1836,4539,1586,4682,1836
SS,1,8500,310,41,35400,59.25,24,3.57,536,610,632,611,,5194,1802,5032,1506,5194,1802
SS,1,8500,340,42,35700,36.45,18,3.62,448,577,637,611,,3866,273,3431,0,4486,1511
SS,1,8500,350,33,33600,51,18,3.09,498,565,637,610,,4707,1868,4241,1010,4865,2135
SS,1,8500,340,45,36300,53.1,18,3.8,495,620,682,612,,4563,408,4096,0,5122,1541
SS,1,8500,330,27,32000,39.3,30,2.7,491,575,575,610,,4635,2403,4635,2403,4635,2403
SS,1,8500,320,39,35000,35.7,24,3.45,463,540,587,611,,4380,1459,4072,874,4493,1660
SS,1,8500,300,43,35900,49.35,18,3.68,506,600,687,611,,4375,993,3930,19,4645,1504
SS,1,8500,310,28,32300,48.15,12,2.77,511,577,645,610,,3965,1780,3597,1139,4149,2076
SS,1,8500,350,33,33600,51.6,18,3.09,500,565,637,610,,4742,1903,4271,1040,4860,2102
SS,1,8500,320,36,34300,48.3,30,3.27,511,597,597,611,,5030,2023,5030,2023,5011,1991
SS,1,8500,340,39,35000,39.45,30,3.45,473,547,550,611,,4988,1838,4968,1801,4968,1801
SS,1,8500,340,28,32300,49.05,30,2.77,514,597,597,610,,5026,2541,5026,2541,5007,2511
SS,1,8500,310,42,35700,39.9,30,3.62,485,565,565,611,,4844,1644,4844,1644,4844,1644
SS,1,8500,310,32,33300,55.65,30,3.02,543,637,637,610,,5058,2283,5058,2283,5040,2253
SS,1,8500,310,39,35000,45.15,12,3.45,488,632,695,611,,3620,266,3242,0,4268,1551
SS,1,8500,330,44,36100,33.3,18,3.74,440,575,627,611,,3700,63,3270,0,4346,1389
SS,1,8500,350,42,35700,32.7,18,3.62,431,570,622,611,,3712,64,3279,0,4410,1485
SS,1,8500,350,37,34500,39.75,30,3.33,471,545,545,610,,5027,1965,5027,1965,5027,1965
SS,1,8500,350,25,31500,55.35,24,2.56,526,595,595,610,,5011,2737,5011,2737,5011,2737
SS,1,8500,300,43,35900,54.15,24,3.68,525,597,635,611,,5012,1645,4756,1162,4994,1611
SS,1,8500,340,39,35000,35.25,12,3.45,441,605,655,611,,3184,0,2849,0,4116,1508
SS,1,8500,350,41,35400,43.2,18,3.57,467,592,657,611,,4170,458,3733,0,4780,1656
SS,1,8500,350,25,31500,35.55,12,2.56,454,550,622,610,,3432,1343,3092,705,3896,2093
SS,1,8500,310,25,31500,50.4,30,2.56,538,635,635,610,,4738,2579,4738,2579,4738,2579
SS,1,8500,330,42,35700,34.65,18,3.62,446,572,635,611,,3770,315,3340,0,4344,1457
SS,1,8500,340,31,33100,52.35,18,2.96,509,560,620,610,,4789,2223,4370,1508,4789,2223
SS,1,8500,330,29,32600,58.65,24,2.83,539,612,612,610,,5060,2495,5060,2495,5041,2464
SS,1,8500,350,36,34300,58.65,24,3.27,520,585,612,610,,5389,2174,5172,1795,5389,2174
SS,1,8500,340,30,32800,50.85,12,2.9,501,597,675,610,,4061,1399,3672,639,4488,2125
SS,1,8500,340,41,35400,35.1,12,3.57,438,602,652,611,,3155,0,2829,0,4159,1451
SS,1,8500,330,32,33300,58.2,24,3.02,534,605,605,610,,5125,2332,5125,2332,5125,2332
SS,1,8500,320,31,33100,36.45,30,2.96,481,565,565,610,,4567,2129,4567,2129,4567,2129
SS,1,8500,300,43,35900,49.35,12,3.68,501,650,705,611,,3773,89,3373,0,4431,1441
SS,1,8500,320,40,35200,39.75,30,3.51,481,560,560,611,,4877,1760,4877,1760,4877,1760
SS,1,8500,330,36,34300,43.8,30,3.27,493,572,572,610,,4994,2032,4994,2032,4974,1998
SS,1,8500,320,27,32000,48.9,24,2.7,520,592,592,610,,4651,2416,4651,2416,4632,2387
SS,1,8500,320,45,36300,45,18,3.8,481,605,667,611,,4176,367,3733,0,4706,1436
SS,1,8500,300,34,33800,49.35,12,3.15,512,610,692,610,,3878,1156,3500,384,4252,1816
SS,1,8500,300,42,35700,56.55,24,3.62,533,607,630,611,,5058,1710,4900,1419,5039,1677
SS,1,8500,350,30,32800,58.2,18,2.9,522,572,617,610,,5032,2414,4697,1858,5011,2381
SS,1,8500,320,25,31500,40.2,30,2.56,502,590,590,610,,4538,2478,4538,2478,4538,2478
SS,1,8500,320,33,33600,54,30,3.09,531,620,620,610,,5132,2264,5132,2264,5132,2264
SS,1,8500,300,32,33300,51,18,3.02,525,585,612,610,,4465,2016,4283,1710,4465,2016
SS,1,8500,350,45,36300,40.35,18,3.8,454,595,645,612,,4019,0,3570,0,4750,1432
SS,1,8500,320,26,31800,38.1,30,2.63,493,580,580,610,,4505,2401,4505,2401,4505,2401
SS,1,8500,320,35,34100,36,18,3.21,462,542,625,610,,3944,1309,3504,437,4171,1707
SS,1,8500,310,39,35000,47.55,30,3.45,511,597,597,611,,4999,1843,4999,1843,4980,1811
SS,1,8500,330,28,32300,57.45,24,2.77,537,612,612,610,,4986,2510,4986,2510,4967,2480
SS,1,8500,340,44,36100,40.95,30,3.74,472,542,585,611,,5165,1645,4837,1020,5143,1606
SS,1,8500,320,42,35700,52.2,24,3.62,510,577,635,611,,5089,1707,4692,948,5069,1671
SS,1,8500,350,35,34100,48.75,30,3.21,500,577,577,610,,5260,2178,5260,2178,5240,2143
SS,1,8500,320,34,33800,47.7,30,3.15,512,597,597,610,,4978,2139,4978,2139,4959,2107
SS,1,8500,310,33,33600,54.3,12,3.09,522,610,687,610,,4149,1419,3756,655,4444,1929
SS,1,8500,340,37,34500,54.45,12,3.33,503,637,710,611,,4106,587,3716,0,4770,1854
SS,1,8500,340,26,31800,47.55,18,2.63,502,552,577,610,,4520,2399,4335,2111,4500,2369
SS,1,8500,340,30,32800,58.8,12,2.9,523,600,672,610,,4475,1801,4059,1038,4767,2283
SS,1,8500,340,25,31500,56.1,12,2.56,523,570,625,610,,4487,2378,4122,1794,4563,2493
SS,1,8500,330,26,31800,34.8,12,2.63,458,552,627,610,,3353,1294,3012,652,3784,1997
SS,1,8500,310,32,33300,42.6,12,3.02,488,595,680,610,,3594,1017,3231,259,4054,1825
SS,1,8500,350,32,33300,49.65,12,3.02,491,610,695,610,,3966,977,3582,148,4567,2050
SS,1,8500,350,33,33600,46.05,12,3.09,478,612,692,610,,3774,678,3399,0,4466,1951
SS,1,8500,310,29,32600,36.75,24,2.83,483,552,552,610,,4254,2097,4254,2097,4236,2068
SS,1,8500,340,37,34500,42.3,18,3.33,473,570,657,610,,4193,1072,3742,106,4588,1791
SS,1,8500,350,43,35900,37.35,30,3.68,458,540,572,612,,4977,1454,4733,981,5061,1608
SS,1,8500,320,30,32800,50.7,30,2.9,526,615,615,610,,4966,2382,4966,2382,4966,2382
SS,1,8500,330,45,36300,31.95,18,3.8,434,572,620,612,,3617,0,3219,0,4298,1309
SS,1,8500,340,27,32000,31.95,30,2.7,462,542,542,610,,4471,2311,4471,2311,4451,2281
SS,1,8500,300,29,32600,36.6,24,2.83,488,560,560,610,,4176,2057,4176,2057,4176,2057
SS,1,8500,300,44,36100,42.75,30,3.74,497,580,580,611,,4890,1553,4890,1553,4890,1553
SS,1,8500,320,26,31800,56.55,24,2.63,543,622,622,610,,4827,2558,4827,2558,4809,2531
SS,1,8500,300,33,33600,34.8,24,3.09,476,547,547,610,,4189,1837,4189,1837,4172,1808
SS,1,8500,320,39,35000,44.55,18,3.45,486,580,665,611,,4239,1084,3800,148,4552,1659
SS,1,8500,350,42,35700,45.3,18,3.62,472,597,662,611,,4267,430,3809,0,4882,1648
SS,1,8500,300,38,34800,37.5,18,3.39,474,557,642,611,,3927,1165,3496,280,4144,1556
SS,1,8500,330,30,32800,41.1,30,2.9,493,575,575,610,,4765,2285,4765,2285,4765,2285
SS,1,8500,320,41,35400,49.05,18,3.57,498,595,682,611,,4413,1004,3961,15,4764,1662
SS,1,8500,340,34,33800,51.15,24,3.15,507,572,587,610,,5032,2150,4915,1952,5012,2116
SS,1,8500,330,35,34100,58.95,18,3.21,526,582,650,610,,5008,2074,4549,1251,4988,2041
SS,1,8500,310,34,33800,46.5,30,3.15,514,602,602,610,,4858,2082,4858,2082,4840,2051
SS,1,8500,350,43,35900,41.7,30,3.68,471,540,582,611,,5242,1719,4907,1085,5242,1719
SS,1,8500,340,42,35700,38.7,18,3.62,455,585,645,611,,3953,309,3525,0,4555,1513
SS,1,8500,350,44,36100,43.05,30,3.74,474,542,592,612,,5311,1688,4922,939,5290,1648
SS,1,8500,330,34,33800,36,18,3.15,460,542,622,610,,3952,1313,3524,464,4219,1776
SS,1,8500,310,33,33600,32.7,12,3.09,450,587,662,610,,3096,474,2764,0,3729,1646
SS,1,8500,340,45,36300,55.95,30,3.8,512,587,617,612,,5659,1737,5421,1284,5638,1698
SS,1,8500,300,34,33800,32.7,30,3.15,475,562,562,610,,4360,1865,4360,1865,4342,1835
SS,1,8500,310,36,34300,38.25,18,3.27,474,552,632,611,,4005,1327,3577,481,4194,1660
SS,1,8500,310,31,33100,43.2,24,2.96,502,575,575,610,,4482,2075,4482,2075,4482,2075
SS,1,8500,310,37,34500,34.95,12,3.33,455,610,665,610,,3164,103,2822,0,3875,1512
SS,1,8500,330,42,35700,43.65,12,3.62,470,630,680,611,,3542,0,3177,0,4422,1469
SS,1,8500,330,38,34800,36,18,3.39,455,560,642,610,,3880,827,3459,0,4327,1656
SS,1,8500,340,27,32000,35.25,18,2.7,461,540,570,610,,3879,1730,3694,1417,4132,2133
SS,1,8500,350,44,36100,48.45,18,3.74,479,610,670,612,,4387,277,3910,0,5015,1554
SS,1,8500,350,28,32300,33.75,12,2.77,443,570,655,610,,3253,821,2921,99,3908,1958
SS,1,8500,350,32,33300,32.25,24,3.02,446,540,542,610,,4162,1540,4145,1510,4427,1989
SS,1,8500,350,42,35700,41.25,18,3.62,460,590,650,611,,4087,302,3643,0,4745,1613
SS,1,8500,310,30,32800,49.65,18,2.9,518,575,600,610,,4461,2131,4289,1851,4461,2131
SS,1,8500,320,38,34800,41.4,30,3.39,489,570,570,610,,4876,1859,4876,1859,4876,1859
SS,1,8500,300,39,35000,51.15,24,3.45,521,595,605,610,,4831,1791,4760,1665,4831,1791
SS,1,8500,340,27,32000,56.25,24,2.7,531,602,602,610,,5005,2588,5005,2588,4986,2558
SS,1,8500,340,44,36100,56.1,24,3.74,509,577,660,611,,5368,1604,4806,464,5431,1718
SS,1,8500,320,25,31500,54.45,12,2.56,529,570,620,610,,4362,2377,4034,1862,4362,2377
SS,1,8500,350,41,35400,40.05,24,3.57,463,540,622,611,,4718,1358,4196,282,4879,1654
SS,1,8500,330,34,33800,37.95,18,3.15,466,545,625,610,,4054,1401,3613,540,4307,1838
SS,1,8500,310,38,34800,54.15,24,3.39,525,597,607,611,,4986,1911,4913,1783,4967,1879
SS,1,8500,350,31,33100,39.9,30,2.96,479,555,555,610,,4898,2281,4898,2281,4898,2281
SS,1,8500,350,29,32600,38.4,24,2.83,471,540,537,610,,4510,2134,4530,2166,4590,2262
SS,1,8500,310,30,32800,50.4,18,2.9,520,577,600,610,,4485,2144,4330,1892,4467,2116
SS,1,8500,310,34,33800,56.85,18,3.15,533,592,635,610,,4770,2043,4484,1548,4751,2013
SS,1,9000,350,40,35200,43.35,24,3.51,502,569,657,644,,5207,1737,4621,573,5284,1876
SS,1,9000,320,35,34100,34.65,12,3.21,478,634,700,644,,3383,266,3026,0,4134,1722
SS,1,9000,330,36,34300,58.05,12,3.27,550,666,755,644,,4549,1062,4135,158,5090,2059
SS,1,9000,320,45,36300,49.05,24,3.8,529,596,685,645,,5330,1576,4764,415,5345,1603
SS,1,9000,300,29,32600,45.9,30,2.83,556,654,655,643,,4910,2407,4906,2401,4906,2401
SS,1,9000,310,34,33800,54.45,12,3.15,553,649,735,644,,4386,1379,3970,541,4735,1996
SS,1,9000,310,43,35900,47.1,24,3.68,530,596,667,645,,5170,1694,4708,792,5147,1652
SS,1,9000,320,39,35000,32.4,24,3.45,479,569,610,644,,4434,1340,4184,854,4647,1726
SS,1,9000,330,32,33300,35.55,30,3.02,501,584,582,644,,4900,2209,4915,2233,4896,2201
SS,1,9000,320,33,33600,52.95,18,3.09,550,604,662,644,,4988,2198,4601,1524,4984,2190
SS,1,9000,300,28,32300,37.05,24,2.77,521,596,595,643,,4400,2210,4413,2231,4413,2231
SS,1,9000,310,28,32300,32.85,18,2.77,492,569,592,644,,3919,1768,3782,1537,4081,2029
SS,1,9000,330,35,34100,40.95,24,3.21,509,571,607,644,,4946,2070,4687,1619,4922,2029
SS,1,9000,310,44,36100,50.1,30,3.74,544,629,627,645,,5503,1739,5518,1766,5499,1731
SS,1,9000,350,41,35400,52.2,30,3.57,533,606,625,645,,5865,2057,5717,1787,5839,2010
SS,1,9000,320,26,31800,38.25,30,2.63,524,614,612,644,,4763,2525,4777,2547,4759,2519
SS,1,9000,320,45,36300,42.15,12,3.8,495,661,712,645,,3637,0,3286,0,4640,1438
SS,1,9000,340,36,34300,50.4,12,3.27,522,664,742,644,,4173,595,3765,0,4895,1973
SS,1,9000,320,36,34300,45.45,24,3.27,528,594,617,644,,5043,2053,4875,1760,5038,2045
SS,1,9000,320,25,31500,42.3,18,2.56,527,579,587,644,,4442,2422,4384,2334,4438,2415
SS,1,9000,340,39,35000,38.4,12,3.45,479,651,702,645,,3530,0,3177,0,4479,1623
SS,1,9000,300,28,32300,35.4,18,2.77,508,569,595,643,,4066,1984,3906,1723,4129,2084
SS,1,9000,350,40,35200,32.85,18,3.51,460,594,660,644,,3968,334,3518,0,4630,1648
SS,1,9000,320,40,35200,35.85,18,3.51,485,596,680,644,,4074,736,3624,0,4549,1642
SS,1,9000,300,37,34500,34.35,30,3.33,506,594,595,644,,4741,1860,4737,1853,4737,1853
SS,1,9000,320,34,33800,40.65,30,3.15,521,606,607,644,,5041,2153,5037,2146,5018,2115
SS,1,9000,310,44,36100,41.4,12,3.74,499,664,715,645,,3595,0,3244,0,4481,1384
SS,1,9000,330,44,36100,54.3,30,3.74,545,624,637,645,,5831,1858,5727,1666,5826,1849
SS,1,9000,340,32,33300,50.1,30,3.02,543,626,627,644,,5458,2468,5453,2461,5434,2429
SS,1,9000,320,32,33300,47.1,30,3.02,544,634,632,644,,5190,2341,5204,2364,5186,2333
SS,1,9000,340,32,33300,49.2,24,3.02,535,601,602,643,,5211,2348,5206,2341,5226,2373
SS,1,9000,330,45,36300,50.55,18,3.8,523,649,717,645,,4707,470,4228,0,5282,1632
SS,1,9000,310,39,35000,51.3,24,3.45,548,619,645,644,,5212,1932,5031,1607,5207,1925
SS,1,9000,330,43,35900,36.15,30,3.68,490,569,592,645,,5160,1642,4985,1315,5195,1707
SS,1,9000,330,34,33800,38.7,24,3.15,503,569,595,644,,4812,2031,4626,1711,4808,2024
SS,1,9000,340,39,35000,35.7,24,3.45,482,569,627,644,,4686,1399,4323,676,4911,1807
SS,1,9000,340,35,34100,49.5,30,3.21,536,619,617,644,,5516,2288,5532,2314,5512,2280
SS,1,9000,310,35,34100,31.65,12,3.21,471,626,692,644,,3221,240,2871,0,3929,1618
SS,1,9000,330,36,34300,50.1,18,3.27,531,606,690,644,,4850,1697,4360,745,5049,2046
SS,1,9000,300,42,35700,58.35,18,3.62,565,639,725,645,,5099,1563,4603,562,5201,1750
SS,1,9000,320,40,35200,50.4,12,3.51,528,679,742,645,,4106,274,3700,0,4813,1697
SS,1,9000,330,37,34500,44.7,18,3.33,514,604,692,644,,4554,1328,4083,353,4869,1897
SS,1,9000,330,43,35900,44.85,30,3.68,518,596,615,645,,5483,1783,5343,1523,5498,1811
SS,1,9000,320,37,34500,40.5,18,3.33,505,594,682,644,,4343,1270,3887,325,4650,1823
SS,1,9000,340,25,31500,48.15,24,2.56,542,611,612,644,,4996,2720,4991,2713,4972,2684
SS,1,9000,300,40,35200,42.45,12,3.51,512,666,727,644,,3691,169,3307,0,4392,1583
SS,1,9000,330,31,33100,52.95,12,2.96,541,634,715,643,,4397,1550,3986,753,4800,2237
SS,1,9000,300,39,35000,53.4,24,3.45,560,636,642,644,,5183,1913,5143,1843,5196,1937
SS,1,9000,330,45,36300,47.1,30,3.8,523,599,632,645,,5619,1730,5368,1248,5614,1721
SS,1,9000,330,36,34300,36.9,12,3.27,481,646,705,644,,3492,116,3121,0,4287,1701
SS,1,9000,300,28,32300,49.8,24,2.77,564,646,645,643,,4798,2411,4811,2432,4811,2432
SS,1,9000,350,30,32800,55.8,30,2.9,556,641,640,643,,5658,2699,5673,2724,5673,2724
SS,1,9000,310,29,32600,48,24,2.83,551,626,627,644,,4865,2395,4861,2388,4843,2360
SS,1,9000,350,42,35700,42.75,30,3.62,503,574,612,644,,5572,1894,5272,1332,5567,1885
SS,1,9000,310,30,32800,43.35,18,2.9,528,581,627,644,,4518,2159,4222,1664,4496,2123
SS,1,9000,330,44,36100,39.15,12,3.74,481,649,700,645,,3519,0,3177,0,4553,1426
SS,1,9000,340,44,36100,50.4,12,3.74,513,679,730,645,,4085,0,3691,0,5089,1622
SS,1,9000,340,42,35700,38.7,24,3.62,489,569,655,644,,4907,1368,4381,270,5099,1723
SS,1,9000,320,35,34100,40.8,18,3.21,508,584,667,644,,4407,1552,3946,655,4615,1914
SS,1,9000,330,25,31500,41.1,24,2.56,524,591,592,644,,4706,2574,4702,2568,4683,2539
SS,1,9000,300,27,32000,49.65,18,2.7,560,621,622,644,,4572,2365,4568,2359,4551,2333
SS,1,9000,300,35,34100,51.6,18,3.21,554,611,670,644,,4833,2022,4466,1369,4811,1985
SS,1,9000,310,34,33800,43.95,18,3.15,525,584,660,644,,4574,1888,4119,1059,4606,1941
SS,1,9000,350,28,32300,52.8,12,2.77,535,621,695,643,,4469,1799,4070,1065,4875,2466
SS,1,9000,340,37,34500,41.7,24,3.33,505,569,627,644,,5052,1934,4645,1185,5087,1995
SS,1,9000,300,32,33300,35.4,30,3.02,516,606,607,644,,4670,2122,4666,2115,4648,2086
SS,1,9000,350,25,31500,45.9,18,2.56,524,571,600,643,,4776,2597,4567,2273,4791,2620
SS,1,9000,350,29,32600,51.15,18,2.83,534,581,640,644,,5068,2493,4652,1801,5043,2453
SS,1,9000,320,35,34100,50.85,24,3.21,546,616,617,644,,5185,2160,5180,2152,5161,2120
SS,1,9000,340,36,34300,48.9,30,3.27,534,614,615,644,,5532,2241,5527,2232,5527,2232
SS,1,9000,350,28,32300,53.85,18,2.77,544,594,632,643,,5124,2580,4842,2124,5119,2573
SS,1,9000,340,30,32800,50.1,12,2.9,529,629,710,643,,4272,1457,3874,674,4741,2258
SS,1,9000,310,38,34800,39,30,3.39,515,601,600,644,,4998,1899,5013,1924,5013,1924
SS,1,9000,340,25,31500,59.1,30,2.56,578,671,672,644,,5523,3008,5518,3001,5500,2973
SS,1,9000,300,40,35200,43.5,12,3.51,516,669,730,644,,3737,201,3360,0,4427,1590
SS,1,9000,330,26,31800,44.55,24,2.63,534,604,605,643,,4832,2565,4827,2558,4827,2558
SS,1,9000,300,39,35000,52.8,18,3.45,553,616,702,644,,4907,1746,4402,773,4956,1833
SS,1,9000,310,36,34300,58.95,18,3.27,568,629,685,644,,5164,2085,4800,1430,5160,2077
SS,1,9000,340,39,35000,48.3,18,3.45,518,621,712,644,,4698,1085,4228,54,5143,1915
SS,1,9000,350,34,33800,58.65,18,3.15,549,609,685,644,,5359,2186,4848,1254,5434,2314
SS,1,9000,310,41,35400,34.2,18,3.57,482,596,675,644,,3962,648,3534,0,4421,1535
SS,1,9000,320,25,31500,36.75,18,2.56,507,569,577,644,,4160,2177,4105,2092,4225,2278
SS,1,9000,320,37,34500,31.5,24,3.33,478,569,595,644,,4358,1423,4197,1120,4569,1798
SS,1,9000,300,26,31800,54.9,12,2.63,572,616,657,644,,4514,2407,4258,2003,4493,2375
SS,1,9000,340,36,34300,58.2,30,3.27,560,644,645,644,,5823,2359,5818,2351,5818,2351
SS,1,9000,300,39,35000,42.75,30,3.45,532,621,622,644,,5062,1875,5058,1867,5040,1836
SS,1,9000,310,33,33600,35.85,12,3.09,490,624,712,643,,3453,654,3087,0,4079,1804
SS,1,9000,300,42,35700,50.25,24,3.62,546,619,660,645,,5158,1740,4886,1229,5154,1732
SS,1,9000,310,38,34800,35.7,12,3.39,484,649,702,644,,3394,33,3037,0,4140,1548
SS,1,9000,320,38,34800,42,24,3.39,514,579,627,644,,4963,1892,4630,1286,4958,1884
SS,1,9000,340,29,32600,46.05,24,2.83,529,594,595,643,,5047,2488,5043,2481,5043,2481
SS,1,9000,340,38,34800,49.2,12,3.39,516,671,735,644,,4099,276,3692,0,4873,1818
SS,1,9000,300,28,32300,34.05,24,2.77,509,584,582,644,,4301,2160,4314,2181,4297,2154
SS,1,9000,330,28,32300,56.4,24,2.77,566,641,642,644,,5257,2654,5253,2647,5234,2617
SS,1,9000,350,25,31500,36.15,18,2.56,491,569,585,644,,4169,2001,4069,1836,4419,2392
SS,1,9000,310,40,35200,32.7,18,3.51,477,586,670,644,,3914,739,3483,0,4345,1558
SS,1,9000,340,34,33800,56.85,12,3.15,544,656,745,644,,4537,1199,4114,298,5054,2132
SS,1,9000,310,29,32600,46.05,24,2.83,545,619,620,643,,4806,2367,4802,2360,4802,2360
SS,1,9000,340,31,33100,40.35,30,2.96,514,594,595,643,,5127,2391,5122,2384,5122,2384
SS,1,9000,310,33,33600,46.95,18,3.09,536,589,655,643,,4715,2084,4298,1352,4711,2077
SS,1,9000,340,28,32300,33.3,24,2.77,487,569,550,643,,4427,2067,4572,2299,4572,2299
SS,1,9000,320,41,35400,54.9,12,3.57,540,686,752,645,,4317,344,3898,0,4997,1710
SS,1,9000,320,35,34100,47.55,24,3.21,536,604,615,644,,5084,2124,5005,1990,5079,2117
SS,1,9000,330,26,31800,54.3,12,2.63,553,604,665,643,,4617,2350,4238,1728,4722,2513
SS,1,9000,330,43,35900,31.8,18,3.68,461,599,657,645,,3867,150,3425,0,4495,1439
SS,1,9000,340,28,32300,37.2,30,2.77,507,589,590,643,,4942,2494,4938,2486,4938,2486
SS,1,9000,310,26,31800,40.05,12,2.63,516,586,657,644,,3829,1765,3468,1138,4066,2141
SS,1,9000,330,31,33100,57.75,24,2.96,566,639,640,643,,5386,2515,5381,2508,5381,2508
SS,1,9000,300,26,31800,33,30,2.63,515,609,610,643,,4453,2374,4449,2368,4449,2368
SS,1,9000,350,41,35400,39.15,30,3.57,494,569,597,644,,5375,1818,5155,1409,5412,1885
SS,1,9000,320,43,35900,51,30,3.68,542,624,625,645,,5606,1841,5602,1833,5602,1833
SS,1,9500,340,25,31500,58.95,30,2.56,611,706,705,677,,5832,3180,5842,3196,5842,3196
SS,1,9500,340,36,34300,45.3,24,3.27,547,608,660,677,,5491,2232,5121,1568,5482,2215
SS,1,9500,310,37,34500,37.35,18,3.33,527,616,710,678,,4423,1328,3953,355,4698,1825
SS,1,9500,310,35,34100,45.6,24,3.21,565,638,640,677,,5206,2164,5198,2150,5198,2150
SS,1,9500,330,40,35200,54.45,30,3.51,581,666,667,678,,6050,2179,6040,2163,6021,2128
SS,1,9500,350,32,33300,58.65,12,3.02,578,683,770,677,,4944,1568,4501,673,5460,2471
SS,1,9500,350,31,33100,38.1,12,2.96,511,658,747,677,,3847,703,3470,0,4629,2139
SS,1,9500,320,41,35400,43.8,24,3.57,546,611,687,678,,5380,1871,4879,901,5390,1889
SS,1,9500,310,45,36300,55.05,18,3.8,578,686,777,679,,5172,950,4657,0,5551,1698
SS,1,9500,310,36,34300,32.55,18,3.27,509,598,692,678,,4200,1280,3741,332,4488,1798
SS,1,9500,320,35,34100,41.55,12,3.21,533,681,762,678,,3934,571,3553,0,4634,1907
SS,1,9500,350,25,31500,35.55,30,2.56,530,611,612,677,,5168,2827,5158,2813,5139,2783
SS,1,9500,340,25,31500,55.65,30,2.56,601,693,695,677,,5741,3139,5732,3125,5732,3125
SS,1,9500,340,38,34800,47.4,18,3.39,545,648,742,678,,4938,1255,4449,200,5356,2029
SS,1,9500,330,40,35200,57.45,30,3.51,590,676,677,678,,6149,2216,6139,2200,6120,2165
SS,1,9500,300,35,34100,36.6,18,3.21,531,601,687,678,,4427,1667,3960,777,4536,1857
SS,1,9500,330,25,31500,36.15,24,2.56,535,603,602,677,,4787,2609,4796,2624,4778,2596
SS,1,9500,340,26,31800,34.65,24,2.63,523,598,587,677,,4751,2438,4835,2570,4816,2540
SS,1,9500,320,41,35400,34.2,18,3.57,505,628,710,678,,4213,596,3739,0,4748,1646
SS,1,9500,350,35,34100,33,24,3.21,500,598,627,678,,4754,1549,4571,1201,5042,2060
SS,1,9500,350,39,35000,33.15,12,3.45,481,663,717,678,,3480,0,3133,0,4580,1672
SS,1,9500,340,40,35200,54,12,3.51,558,721,785,678,,4569,231,4120,0,5412,1941
SS,1,9500,300,43,35900,42.45,18,3.68,544,653,745,679,,4564,857,4081,0,4938,1586
SS,1,9500,310,37,34500,32.25,12,3.33,499,671,730,678,,3429,38,3051,0,4219,1641
SS,1,9500,330,34,33800,38.1,24,3.15,530,598,625,677,,5046,2111,4860,1787,5075,2160
SS,1,9500,340,33,33600,40.35,18,3.09,528,608,695,677,,4690,1702,4207,767,4972,2188
SS,1,9500,320,27,32000,50.55,24,2.7,588,666,665,677,,5243,2709,5252,2724,5252,2724
SS,1,9500,320,29,32600,33,30,2.83,529,618,617,677,,4931,2416,4941,2431,4922,2402
SS,1,9500,300,25,31500,47.1,18,2.56,586,648,647,677,,4691,2553,4699,2566,4683,2541
SS,1,9500,300,39,35000,32.55,12,3.45,503,676,730,678,,3398,0,3047,0,4202,1545
SS,1,9500,320,41,35400,43.5,18,3.57,540,651,742,678,,4670,915,4192,0,5111,1764
SS,1,9500,300,42,35700,45,30,3.62,566,656,657,678,,5505,1869,5496,1854,5478,1821
SS,1,9500,350,31,33100,45.75,18,2.96,544,608,685,677,,5046,2157,4563,1287,5191,2397
SS,1,9500,320,40,35200,31.95,18,3.51,496,618,700,678,,4110,641,3661,0,4646,1680
SS,1,9500,350,43,35900,42.15,12,3.68,511,691,742,678,,3904,0,3544,0,5089,1672
SS,1,9500,320,25,31500,53.25,18,2.56,595,653,655,677,,5070,2771,5062,2758,5062,2758
SS,1,9500,310,35,34100,58.2,12,3.21,594,691,780,677,,4821,1513,4380,621,5188,2165
SS,1,9500,340,26,31800,45.3,24,2.63,561,631,630,677,,5205,2758,5215,2774,5215,2774
SS,1,9500,310,28,32300,59.25,18,2.77,614,681,680,677,,5248,2642,5257,2656,5257,2656
SS,1,9500,320,42,35700,32.4,30,3.62,510,598,600,678,,5169,1653,5160,1637,5236,1776
SS,1,9500,300,42,35700,33.45,30,3.62,525,611,612,679,,5101,1731,5092,1715,5074,1682
SS,1,9500,320,45,36300,33.6,18,3.8,498,641,702,679,,4155,101,3671,0,4813,1476
SS,1,9500,350,40,35200,36.45,24,3.51,507,598,675,678,,5040,1377,4581,419,5341,1933
SS,1,9500,320,42,35700,51,30,3.62,574,658,660,678,,5900,2006,5890,1989,5890,1989
SS,1,9500,310,32,33300,40.2,12,3.02,537,658,755,677,,3901,1027,3516,195,4454,2016
SS,1,9500,300,44,36100,57.15,24,3.74,596,673,717,679,,5728,1811,5436,1249,5719,1795
SS,1,9500,320,27,32000,39,30,2.7,555,646,647,677,,5090,2638,5082,2624,5064,2596
SS,1,9500,340,43,35900,54.75,12,3.68,557,728,782,679,,4571,0,4125,0,5494,1763
SS,1,9500,330,29,32600,39.75,12,2.83,529,643,732,677,,3955,1250,3575,472,4506,2198
SS,1,9500,340,44,36100,58.95,12,3.74,568,736,792,678,,4796,0,4309,0,5709,1822
SS,1,9500,320,27,32000,48.3,30,2.7,587,681,682,677,,5395,2801,5387,2788,5369,2760
SS,1,9500,340,43,35900,39.75,24,3.68,520,603,697,678,,5235,1375,4672,172,5459,1797
SS,1,9500,320,39,35000,53.85,18,3.45,575,656,747,678,,5248,1647,4728,594,5436,1989
SS,1,9500,330,41,35400,47.4,30,3.57,559,638,640,678,,5848,2055,5839,2038,5839,2038
SS,1,9500,330,34,33800,46.05,18,3.15,551,621,705,677,,4968,1914,4471,977,5124,2182
SS,1,9500,340,25,31500,35.7,24,2.56,529,598,595,677,,4811,2587,4840,2631,4840,2631
SS,1,9500,350,35,34100,46.8,24,3.21,548,608,657,677,,5601,2339,5239,1697,5591,2322
SS,1,9500,310,34,33800,51.6,24,3.15,587,663,662,677,,5383,2304,5392,2320,5374,2290
SS,1,9500,300,25,31500,44.55,12,2.56,570,616,677,677,,4320,2297,3969,1730,4362,2360
SS,1,9500,330,37,34500,33.6,18,3.33,502,611,707,678,,4250,984,3795,0,4690,1803
SS,1,9500,320,26,31800,36.45,12,2.63,526,616,692,677,,3838,1593,3483,942,4255,2268
SS,1,9500,330,32,33300,35.1,24,3.02,521,598,602,677,,4824,2061,4797,2016,4926,2232
SS,1,9500,340,40,35200,59.25,24,3.51,584,651,707,678,,6081,2188,5672,1421,6051,2135
SS,1,9500,340,44,36100,35.85,30,3.74,511,598,635,679,,5469,1555,5208,1041,5580,1763
SS,1,9500,350,36,34300,40.95,30,3.27,534,611,610,677,,5645,2275,5656,2294,5656,2294
SS,1,9500,350,35,34100,46.2,12,3.21,534,691,767,677,,4227,492,3814,0,5073,2120
SS,1,9500,330,38,34800,33.45,18,3.39,500,616,705,678,,4223,839,3776,0,4726,1790
SS,1,9500,340,45,36300,57.75,18,3.8,569,696,772,679,,5348,647,4827,0,5918,1800
SS,1,9500,310,42,35700,47.4,12,3.62,551,716,775,678,,4176,53,3739,0,4943,1652
SS,1,9500,310,25,31500,41.85,18,2.56,561,616,615,677,,4597,2506,4607,2520,4607,2520
SS,1,9500,320,28,32300,41.4,24,2.77,556,626,627,677,,4978,2518,4969,2505,4951,2476
SS,1,9500,340,30,32800,42.75,24,2.9,547,611,612,677,,5239,2510,5230,2496,5210,2464
SS,1,9500,300,34,33800,38.1,30,3.15,553,646,647,677,,5069,2173,5061,2159,5043,2130
SS,1,9500,300,35,34100,39,24,3.21,548,621,622,677,,4889,2031,4881,2017,4898,2047
SS,1,9500,340,42,35700,37.8,30,3.62,520,598,627,678,,5579,1843,5361,1433,5611,1900
SS,1,9500,310,42,35700,32.55,30,3.62,516,598,600,678,,5156,1750,5148,1734,5148,1734
SS,1,9500,350,37,34500,31.5,24,3.33,492,598,640,678,,4674,1286,4428,790,5032,1940
SS,1,9500,300,37,34500,40.65,30,3.33,558,651,650,677,,5222,2045,5231,2061,5231,2061
SS,1,9500,300,43,35900,33,24,3.68,515,598,665,678,,4723,1348,4337,562,4855,1594
SS,1,9500,330,30,32800,34.95,18,2.9,516,598,655,677,,4343,1753,4025,1174,4614,2203
SS,1,9500,350,42,35700,45.6,30,3.62,541,616,650,678,,5976,2009,5711,1513,5987,2030
SS,1,9500,320,33,33600,44.4,12,3.09,546,673,767,677,,4112,979,3728,131,4709,2064
SS,1,9500,300,32,33300,37.35,30,3.02,553,648,647,677,,4984,2248,4993,2263,4976,2235
SS,1,9500,300,31,33100,32.85,24,2.96,529,601,602,677,,4586,2141,4577,2128,4560,2100
SS,1,9500,340,36,34300,52.2,18,3.27,563,643,730,677,,5244,1784,4735,781,5497,2231
SS,1,9500,300,40,35200,37.65,18,3.51,530,628,727,678,,4376,1068,3911,49,4688,1654
SS,1,9500,320,37,34500,40.2,12,3.33,526,688,755,678,,3848,252,3459,0,4627,1800
SS,1,9500,320,30,32800,33.6,30,2.9,530,618,617,677,,4980,2379,4990,2394,4972,2365
SS,1,9500,350,40,35200,48.45,18,3.51,541,663,750,678,,4959,870,4470,0,5511,1939
SS,1,9500,300,30,32800,54.45,30,2.9,614,718,717,677,,5474,2614,5483,2628,5466,2601
SS,1,9500,300,43,35900,54.45,24,3.68,590,666,707,678,,5611,1828,5336,1305,5620,1846
SS,1,9500,320,36,34300,48,30,3.27,572,661,662,678,,5631,2280,5622,2264,5603,2232
SS,1,9500,320,33,33600,36,30,3.09,535,621,622,677,,5148,2274,5140,2260,5121,2229
SS,1,9500,350,25,31500,40.2,18,2.56,534,598,622,677,,4683,2394,4521,2135,4823,2611
SS,1,9500,350,39,35000,39,18,3.45,511,638,720,678,,4510,683,4034,0,5112,1853
SS,1,9500,340,33,33600,36.15,12,3.09,505,666,740,677,,3701,411,3331,0,4515,1967
SS,1,9500,310,27,32000,49.5,12,2.7,579,636,707,677,,4547,2210,4145,1530,4691,2437
SS,1,9500,320,31,33100,40.05,30,2.96,553,641,642,677,,5236,2443,5227,2429,5209,2399
SS,1,9500,330,42,35700,38.55,18,3.62,515,646,720,678,,4429,495,3957,0,5023,1681
SS,1,9500,310,41,35400,48.3,30,3.57,573,661,662,678,,5682,1984,5673,1969,5654,1935
SS,1,9500,340,40,35200,50.25,18,3.51,552,663,757,678,,5042,1070,4559,0,5530,1996
SS,1,9500,350,40,35200,36.3,12,3.51,493,673,727,678,,3640,0,3280,0,4766,1718
SS,1,9500,300,27,32000,45.9,18,2.7,578,638,637,677,,4704,2433,4713,2447,4696,2421
SS,1,9500,330,29,32600,54.75,12,2.83,581,656,732,677,,4804,2043,4379,1277,5055,2457
SS,1,9500,300,25,31500,59.1,30,2.56,636,746,747,677,,5475,2995,5467,2983,5450,2957
SS,1,9500,330,25,31500,33.6,30,2.56,533,621,620,677,,4928,2683,4938,2698,4938,2698
SS,1,9500,350,38,34800,40.65,30,3.39,530,606,610,677,,5689,2162,5658,2109,5700,2182
SS,1,9500,340,26,31800,53.85,24,2.63,589,661,662,677,,5505,2934,5496,2920,5477,2890
SS,1,9500,300,39,35000,52.5,30,3.45,594,691,690,678,,5663,2095,5672,2112,5672,2112
SS,1,9500,350,32,33300,39.9,24,3.02,529,598,622,677,,5187,2257,5012,1958,5257,2373
SS,1,9500,340,44,36100,57.6,18,3.74,570,691,772,678,,5357,795,4844,0,5898,1871
SS,1,10000,330,32,33300,36,24,3.02,553,628,635,711,,5150,2242,5102,2160,5211,2343
SS,1,10000,320,45,36300,49.95,30,3.8,598,683,700,713,,6252,1915,6126,1677,6238,1890
SS,1,10000,320,32,33300,39.6,18,3.02,566,628,710,711,,4911,2091,4430,1218,5005,2248
SS,1,10000,340,38,34800,51.3,30,3.39,600,683,682,711,,6304,2414,6310,2424,6290,2389
SS,1,10000,330,28,32300,49.8,30,2.77,616,710,710,710,,5845,2943,5850,2952,5850,2952
SS,1,10000,310,42,35700,58.2,30,3.62,633,728,730,712,,6358,2163,6345,2139,6345,2139
SS,1,10000,350,32,33300,43.2,18,3.02,563,640,727,711,,5142,1992,4634,1029,5409,2446
SS,1,10000,330,32,33300,41.85,30,3.02,582,670,670,711,,5688,2570,5694,2579,5694,2579
SS,1,10000,330,36,34300,31.65,30,3.27,537,628,620,711,,5358,2086,5420,2194,5420,2194
SS,1,10000,310,25,31500,43.35,12,2.56,590,645,715,711,,4498,2300,4115,1666,4633,2511
SS,1,10000,330,38,34800,38.7,18,3.39,548,660,762,711,,4735,1091,4253,11,5208,1979
SS,1,10000,340,45,36300,36,18,3.8,525,683,740,713,,4526,0,4035,0,5326,1601
SS,1,10000,330,45,36300,45.3,18,3.8,565,708,777,712,,4986,340,4473,0,5655,1727
SS,1,10000,310,44,36100,40.65,30,3.74,573,658,665,712,,5792,1844,5742,1751,5779,1819
SS,1,10000,300,38,34800,32.55,18,3.39,539,635,737,711,,4385,1206,3911,188,4708,1799
SS,1,10000,310,40,35200,43.95,18,3.51,577,678,777,711,,4951,1246,4461,179,5303,1907
SS,1,10000,340,43,35900,36,18,3.68,527,678,742,712,,4552,183,4055,0,5308,1748
SS,1,10000,320,45,36300,55.5,24,3.8,610,678,767,712,,6218,1915,5631,727,6205,1890
SS,1,10000,330,43,35900,36.6,30,3.68,548,628,657,712,,5784,1876,5567,1465,5770,1851
SS,1,10000,350,30,32800,46.65,24,2.9,585,650,650,711,,5738,2735,5744,2745,5744,2745
SS,1,10000,340,27,32000,39.75,30,2.7,577,663,665,711,,5567,2888,5554,2867,5554,2867
SS,1,10000,350,34,33800,44.1,18,3.15,564,655,747,711,,5127,1697,4621,679,5497,2349
SS,1,10000,330,43,35900,44.25,24,3.68,570,643,740,712,,5737,1730,5133,482,5840,1920
SS,1,10000,300,33,33600,31.95,30,3.09,559,653,655,711,,5098,2256,5086,2235,5086,2235
SS,1,10000,340,32,33300,58.35,12,3.02,614,713,802,711,,5202,1773,4737,853,5635,2527
SS,1,10000,340,27,32000,58.2,18,2.7,627,683,690,711,,5749,2985,5698,2905,5736,2964
SS,1,10000,320,26,31800,44.1,12,2.63,585,655,730,710,,4518,2119,4124,1436,4787,2547
SS,1,10000,320,40,35200,32.4,30,3.51,541,628,625,712,,5430,1905,5454,1949,5454,1949
SS,1,10000,330,28,32300,33.6,24,2.77,549,628,615,710,,4937,2392,5033,2545,5033,2545
SS,1,10000,300,34,33800,42.75,12,3.15,580,705,805,711,,4210,1031,3816,163,4761,2039
SS,1,10000,320,36,34300,36.45,12,3.27,540,710,782,711,,3874,257,3467,0,4698,1894
SS,1,10000,340,29,32600,54.6,12,2.83,606,690,772,711,,5067,2063,4621,1240,5419,2649
SS,1,10000,300,41,35400,42.75,30,3.57,591,683,682,712,,5687,1983,5692,1992,5675,1960
SS,1,10000,330,39,35000,57.45,24,3.45,617,688,727,711,,6219,2313,5935,1792,6205,2289
SS,1,10000,310,35,34100,44.4,18,3.21,585,650,737,711,,5100,1997,4597,1054,5174,2127
SS,1,10000,340,43,35900,52.05,18,3.68,584,713,797,712,,5376,767,4852,0,5945,1907
SS,1,10000,330,30,32800,36.6,12,2.9,544,678,777,711,,3971,1012,3588,170,4640,2206
SS,1,10000,330,28,32300,34.65,18,2.77,546,628,667,710,,4539,1994,4309,1594,4802,2423
SS,1,10000,350,27,32000,46.65,12,2.7,577,675,757,710,,4642,1829,4231,1057,5156,2678
SS,1,10000,340,38,34800,49.2,12,3.39,575,743,815,711,,4582,328,4130,0,5441,2054
SS,1,10000,340,35,34100,47.4,24,3.21,585,650,687,711,,5827,2424,5557,1949,5833,2434
SS,1,10000,300,26,31800,52.2,24,2.63,640,728,727,711,,5371,2858,5376,2866,5360,2840
SS,1,10000,320,37,34500,47.55,12,3.33,582,733,820,711,,4462,619,4028,0,5186,2027
SS,1,10000,330,39,35000,58.65,18,3.45,616,698,792,711,,5800,1833,5245,711,6007,2210
SS,1,10000,320,38,34800,58.65,24,3.39,628,705,715,711,,6122,2332,6054,2211,6128,2342
SS,1,10000,330,42,35700,48.9,18,3.62,580,700,792,712,,5212,924,4702,0,5726,1930
SS,1,10000,350,28,32300,46.35,18,2.77,581,628,692,710,,5408,2709,4964,1970,5433,2749
SS,1,10000,340,38,34800,56.55,30,3.39,615,703,702,711,,6477,2465,6483,2476,6463,2441
SS,1,10000,310,26,31800,39,12,2.63,571,648,725,711,,4196,1901,3819,1234,4498,2384
SS,1,10000,330,40,35200,43.5,12,3.51,558,740,797,712,,4224,0,3802,0,5162,1825
SS,1,10000,310,38,34800,45.15,30,3.39,596,688,690,711,,5796,2221,5783,2198,5783,2198
SS,1,10000,330,32,33300,48.3,18,3.02,592,645,725,711,,5414,2419,4904,1518,5419,2428
SS,1,10000,300,36,34300,33.3,24,3.27,553,628,645,711,,4934,1959,4822,1763,4956,1998
SS,1,10000,340,37,34500,34.35,12,3.33,520,708,765,711,,3764,0,3379,0,4767,1852
SS,1,10000,310,36,34300,39.9,12,3.27,560,715,797,711,,4040,509,3645,0,4765,1917
SS,1,10000,300,34,33800,36.45,18,3.15,561,628,712,711,,4665,1856,4201,990,4753,2007
SS,1,10000,340,41,35400,51.6,30,3.57,597,678,685,712,,6402,2237,6348,2139,6388,2211
SS,1,10000,320,44,36100,49.8,12,3.74,581,758,815,712,,4508,0,4068,0,5460,1735
SS,1,10000,330,32,33300,42,30,3.02,583,670,670,711,,5698,2580,5704,2589,5704,2589
SS,1,10000,310,26,31800,45.3,24,2.63,609,688,690,711,,5238,2792,5226,2773,5226,2773
SS,1,10000,330,43,35900,42,30,3.68,568,648,672,712,,6002,1961,5819,1617,5988,1935
SS,1,10000,330,26,31800,40.65,12,2.63,566,655,735,710,,4306,1832,3919,1127,4732,2522
SS,1,10000,340,31,33100,39.6,18,2.96,556,628,707,711,,4943,2041,4477,1183,5149,2386
SS,1,10000,300,37,34500,51,18,3.33,612,670,757,711,,5400,2123,4881,1152,5406,2132
SS,1,10000,330,30,32800,57.6,12,2.9,620,698,780,711,,5199,2148,4744,1314,5463,2589
SS,1,10000,330,29,32600,43.5,24,2.83,586,655,657,711,,5431,2672,5418,2651,5400,2622
SS,1,10000,310,31,33100,46.5,30,2.96,611,710,710,711,,5635,2617,5640,2625,5640,2625
SS,1,10000,350,43,35900,50.25,18,3.68,573,713,790,712,,5294,550,4761,0,5964,1913
SS,1,10000,330,37,34500,31.95,24,3.33,530,628,665,711,,4918,1555,4693,1120,5192,2048
SS,1,10000,320,42,35700,35.85,18,3.62,538,670,750,712,,4514,545,4033,0,5081,1684
SS,1,10000,300,34,33800,57.15,30,3.15,649,755,755,711,,5969,2551,5974,2559,5974,2559
SS,1,10000,320,25,31500,31.95,12,2.56,536,628,710,711,,3824,1621,3459,949,4239,2291
SS,1,10000,320,36,34300,40.35,30,3.27,576,663,665,711,,5669,2308,5656,2285,5656,2285
SS,1,10000,320,30,32800,49.65,12,2.9,600,690,777,711,,4720,1796,4289,974,5080,2406
SS,1,10000,310,27,32000,46.2,18,2.7,605,660,670,711,,5064,2632,5001,2532,5035,2586
SS,1,10000,300,39,35000,40.95,24,3.45,580,653,690,712,,5319,1960,5078,1518,5307,1938
SS,1,10000,350,25,31500,35.55,24,2.56,552,628,615,711,,5081,2671,5181,2825,5181,2825
SS,1,10000,350,44,36100,47.85,30,3.74,576,650,702,712,,6444,2041,6050,1273,6450,2052
SS,1,10000,330,42,35700,51.6,18,3.62,589,705,802,712,,5351,1031,4824,0,5837,1976
SS,1,10000,310,26,31800,52.8,12,2.63,623,663,727,711,,5031,2679,4635,2041,5019,2661
SS,1,10000,320,43,35900,50.1,24,3.68,595,663,745,712,,5955,1940,5419,877,5942,1916
SS,1,10000,310,26,31800,43.95,30,2.63,611,710,712,711,,5416,2884,5403,2866,5386,2839
SS,1,10000,320,36,34300,41.55,24,3.27,574,643,675,711,,5449,2195,5227,1802,5435,2172
SS,1,10000,320,34,33800,54.75,12,3.15,611,720,815,711,,4917,1450,4471,524,5404,2322
SS,1,10000,330,36,34300,50.85,18,3.27,595,673,762,711,,5435,1913,4914,896,5640,2275
SS,1,10000,350,29,32600,48.9,24,2.83,594,660,660,710,,5798,2848,5804,2857,5804,2857
SS,1,10000,340,32,33300,58.35,18,3.02,619,673,735,711,,5899,2674,5470,1930,5886,2651
SS,1,10000,340,39,35000,36.3,18,3.45,533,663,750,711,,4598,729,4114,0,5212,1922
SS,1,10000,310,40,35200,46.35,18,3.51,586,683,782,711,,5076,1342,4573,262,5399,1945
SS,1,10000,340,32,33300,52.8,12,3.02,596,710,805,711,,4876,1459,4429,533,5442,2462
SS,1,10000,330,38,34800,56.85,30,3.39,622,713,712,711,,6391,2439,6397,2449,6378,2415
SS,1,10000,320,29,32600,31.8,12,2.83,529,660,760,711,,3701,1004,3333,205,4332,2116
SS,1,10000,340,26,31800,57.75,30,2.63,638,735,735,711,,6132,3253,6138,3261,6138,3261
SS,1,10000,330,42,35700,40.05,30,3.62,562,643,660,712,,5896,1982,5769,1745,5882,1956
SS,1,10000,350,38,34800,33.15,12,3.39,509,698,755,711,,3699,0,3326,0,4814,1825
SS,1,10000,340,29,32600,46.65,24,2.83,591,660,660,710,,5626,2761,5632,2770,5632,2770
SS,1,10000,300,32,33300,31.65,24,3.02,551,628,625,711,,4777,2133,4799,2170,4799,2170
SS,1,10000,320,25,31500,52.8,12,2.56,619,655,720,711,,5093,2787,4685,2138,5063,2740
SS,1,10000,300,26,31800,57.3,24,2.63,657,748,750,711,,5538,2952,5527,2934,5527,2934
SS,1,10000,330,37,34500,35.4,24,3.33,544,628,675,711,,5162,1800,4863,1233,5334,2104
SS,1,10000,340,26,31800,36.45,30,2.63,566,653,652,711,,5409,2871,5415,2880,5396,2851
SS,1,10000,300,29,32600,56.25,30,2.83,654,763,762,711,,5800,2854,5805,2862,5788,2835
SS,1,10000,310,39,35000,31.65,24,3.45,536,628,667,712,,4871,1541,4633,1081,5031,1833
SS,1,10000,300,38,34800,43.8,30,3.39,598,693,692,711,,5649,2162,5654,2172,5637,2141
SS,1,10000,310,34,33800,38.85,24,3.15,573,643,650,711,,5218,2241,5170,2160,5205,2220
SS,1,10000,340,44,36100,58.35,30,3.74,613,695,717,712,,6730,2138,6560,1815,6736,2149
SS,1,10000,300,44,36100,34.35,18,3.74,540,670,747,712,,4384,486,3918,0,4899,1531
SS,1,10000,320,36,34300,36.6,12,3.27,541,710,782,711,,3883,266,3478,0,4710,1906
SS,1,10000,320,32,33300,42.75,24,3.02,585,655,655,711,,5393,2442,5399,2450,5399,2450
SS,1,10000,310,37,34500,43.8,30,3.33,593,685,685,711,,5716,2248,5721,2258,5721,2258
SS,1,10000,320,40,35200,55.35,12,3.51,604,755,837,711,,4853,564,4391,0,5586,2021
SS,1,10000,350,31,33100,40.5,18,2.96,555,630,715,710,,5011,2010,4518,1089,5277,2458
